Area Name,Address,Rent,Violent CrimeRate,Overall CrimeRate,Bed,Bath
"Jamaica Plain","63 Mozart St. #R Jamaica Plain","3100","0","0","3","2"
"Jamaica Plain","12 Dalrymple St. #3 Jamaica Plain","4200","0","0","5","2"
"Jamaica Plain","49 Chestnut Ave. #3 Jamaica Plain","2500","0","0","2","1"
"Beacon Hill","20 Mount Vernon #102 Beacon Hill","1800","0","0","N/A","1"
"Mission Hill","75 Saint Alphonsus St. #1502 Mission Hill","3279","0","0","2","1.5"
"Jamaica Plain","5 Buckley Ave. #3 Jamaica Plain","2975","0","0","3","1"
"Back Bay","770 Boylston St. #780-19D Back Bay","3060","0","0","N/A","1"
"Jamaica Plain","81-85 Amory St. #401 Jamaica Plain","3850","0","0","3","2"
"Fort Hill","162 Centre St. #1 Fort Hill","2750","0","0","2","1"
"Dorchester","65 River #2 Dorchester","1800","0","0","1","1"
"Jamaica Plain","3266 Washington St. #3F Jamaica Plain","2950","0","0","3","1"
"Mission Hill","39 Calumet #2 Mission Hill","3900","0","0","4","1"
"Allston","9 Park Vale Ave. #12 Allston","2800","0","0","2","1"
"Fenway","313 Huntington Ave. #2B Fenway","3100","0","0","2","1"
"Jamaica Plain","49 Chestnut Ave. #3 Jamaica Plain","2500","0","0","2","1"
"Mission Hill","75 Saint Alphonsus St. #215 Mission Hill","3229","0","0","2","1.5"
"Allston","525 Lincoln St. #Various (4 bed) Allston","8100","0","0","4","3"
"Allston","1415 Commonwealth Ave. #203 Allston","3600","0","0","3","2"
"Jamaica Plain","225 Centre St. #301 Jamaica Plain","3116","0","0","2","2"
"Fenway","1330 Boylston St. #1415 Fenway","5150","0","0","1","1.5"
"Fenway","49 Burbank St. #8 Fenway","4454","0","0","2","1"
"Jamaica Plain","9 Cornwall St. #PH Jamaica Plain","3950","0","0","3","1"
"Allston","1185 Commonwealth Ave. #1 Allston","3555","0","0","3","1"
"Allston","1185 Commonwealth Ave. #3 Allston","3795","0","0","3","2"
"Beacon Hill","70 Joy St. #15 Beacon Hill","3300","0","0","2","1"
"Fenway","1260 Boylston St. #807 Fenway","3276","0","0","N/A","1"
"Brighton","1687 Commonwealth Ave. #18 Brighton","2725","0","0","2","1"
"Jamaica Plain","56 Forbes St. #2 Jamaica Plain","3450","0","0","3","1"
"Jamaica Plain","10 Union Ave. #10A-2 Jamaica Plain","3750","0","0","3","1"
"South End","556 Columbus Ave. #11-C South End","2595","0","0","1","1"
"Brighton","125 Chiswick Rd. #212 Brighton","2800","0","0","2","1"
"Washington Square","1677 Beacon St. #2 Washington Square","4400","0","0","4","2"
"Brighton","10 Camelot Ct. #10-2L Brighton","3273","0","0","2","1"
"Jamaica Plain","3611 Washington St. #2413 Jamaica Plain","3278","0","0","2","2"
"Roxbury","182 Walnut Ave. #3 Roxbury","3425","0","0","4","1"
"Allston","157 Everett St. #203 Allston","3650","0","0","2","2"
"Fenway","90 Westland Ave. #203 Fenway","2950","0","0","2","1"
"Jamaica Plain","27 Parkton Rd. #3 Jamaica Plain","4595","0","0","3","2"
"Mission Hill","75 Saint Alphonsus St. #410 Mission Hill","2645","0","0","N/A","1"
"Mission Hill","75 Saint Alphonsus St. #2007 Mission Hill","4956","0","0","3","2"
"Brighton","11 Camelot Ct. #11-6J Brighton","3348","0","0","2","1"
"Roxbury","150 Camden St. #150 - 504 Roxbury","4600","0","0","2","2"
"Roxbury","150 Camden St. #150 - 506 Roxbury","3200","0","0","1","1"
"Back Bay","290 Commonwealth Ave. #24 Back Bay","1875","0","0","N/A","1"
"Back Bay","1 Charles St. South #214 Back Bay","3850","0","0","1","1"
"Back Bay","122 Beacon St. #1 Back Bay","3100","0","0","N/A","1"
"Brighton","63 Sutherland #B-2 Brighton","1700","0","0","1","1"
"Hyde Park","35 Williams Ave. #1 Hyde Park","2750","0","0","2","1"
"Jamaica Plain","112 Amory St. #1 Jamaica Plain","2000","0","0","1","1"
"Dorchester","85 Pierce Ave. #2 Dorchester","2800","0","0","2","1"
"Jamaica Plain","285 Lamartine St. #1 Jamaica Plain","5875","0","0","4","2"
"Allston","1185 Commonwealth Ave. #101 Allston","4500","0","0","4","2"
"Jamaica Plain","285 Lamartine St. #1 Jamaica Plain","5875","0","0","4","2"
"Roxbury","23-25 Rockledge St. #23 Roxbury","4100","0","0","3","1.5"
"Jamaica Plain","17 Pond Street - 17 #1 Jamaica Plain","3250","0","0","3","1"
"Mission Hill","75 Saint Alphonsus St. #702 Mission Hill","3249","0","0","2","1.5"
"Mission Hill","75 Saint Alphonsus St. #708 Mission Hill","2469","0","0","1","1"
"Mission Hill","75 Saint Alphonsus St. #1602 Mission Hill","3279","0","0","2","1.5"
"Mission Hill","75 Saint Alphonsus St. #409 Mission Hill","3439","0","0","2","1.5"
"Mission Hill","75 Saint Alphonsus St. #2006 Mission Hill","2589","0","0","1","1"
"Fenway","180 Brookline Ave. #1046 Fenway","5274","0","0","2","2"
"Allston","1185 Commonwealth Ave. #5 Allston","3000","0","0","2","1"
"Brighton","1550 Soldiers Field Rd. #316 Brighton","3988","0","0","2","2"
"Mission Hill","101 South Huntington Ave. #303 Mission Hill","6889","0","0","3","2"
"Brighton","125 Chiswick Rd. #207 Brighton","2600","0","0","1","1"
"Allston","16-18 Highgate St. (Room Rental) #301 Allston","1450","0","0","5","2"
"Brighton","24 Everett St. #3 Brighton","3700","0","0","4","1"
"Fenway","1260 Boylston St. #927 Fenway","4776","0","0","1","1"
"Fenway","1260 Boylston St. #806 Fenway","3268","0","0","N/A","1"
"Allston","65 Brainerd Rd. #60-502 Allston","3913","0","0","2","1"
"Allston","1193 Commonwealth Ave. #20 Allston","2800","0","0","2","1"
"Brighton","1550 Soldiers Field Rd. #219 Brighton","3823","0","0","2","2"
"Allston","398 Cambridge St. #402 Allston","3995","0","0","2","2"
"Back Bay","405 Commonwealth Ave. #9 Back Bay","4300","0","0","2","1"
"Roxbury","55 Burrell St. #R Roxbury","3600","0","0","4","2"
"Dorchester","2A THANE St. #2 Dorchester","3500","0","0","3","2"
"Back Bay","857 Beacon St. #23 Back Bay","2850","0","0","1","1"
"Back Bay","100 Arlington St. #4K Back Bay","4752","0","0","1","1"
"Back Bay","30 Dalton #2010 Back Bay","5418","0","0","1","1"
"Back Bay","30 Dalton #2510 Back Bay","5778","0","0","1","1"
"Back Bay","49 Gloucester St. #1 Back Bay","2250","0","0","N/A","1"
"Back Bay","412 Beacon St. #9 Back Bay","12500","0","0","3","2.5"
"Back Bay","301 Beacon St. Back Bay","35000","0","0","4","4.5"
"Allston","75 Braintree St. #205 Allston","3785","0","0","2","1"
"Allston","47 Parkvale Ave. #4 Allston","2500","0","0","1","1"
"Allston","20 Radcliffe Rd. #201 Allston","2300","0","0","1","1"
"Beacon Hill","65 Hancock St. #3R Beacon Hill","2600","0","0","1","1"
"Beacon Hill","116 Charles St. #4 Beacon Hill","8000","0","0","2","2"
"Brighton","9 Bronsdon St. #17B-D_14246 Brighton","3150","0","0","2","1"
"Brighton","15 North Beacon St. #417 Brighton","3000","0","0","2","1.5"
"Brighton","1462 Commonwealth Ave. #2 Brighton","3800","0","0","3","2"
"Brighton","530 Western Ave. #513 Brighton","4284","0","0","2","2"
"Brighton","1550 Soldiers Field Rd. #230 Brighton","2592","0","0","1","1"
"Brighton","34 Perthshire #34 Brighton","7000","0","0","6","3"
"Brighton","12 Waverly #3 Brighton","3100","0","0","3","1.5"
"Brighton","11 Camelot Ct. #11-3I Brighton","4147","0","0","3","1"
"Brighton","1419 Commonwealth Ave. #204 Brighton","3700","0","0","3","2"
"Brighton","122A Englewood Ave. #3 Brighton","2250","0","0","1","1"
"Fenway","200 Brookline Ave. #1511 Fenway","3930","0","0","N/A","1"
"Fenway","200 Brookline Ave. #406 Fenway","4646","0","0","1","1"
"Fenway","18 Edgerly #1 Fenway","3500","0","0","2","1.5"
"Fenway","16 Peterborough #504 Fenway","4200","0","0","2","2"
"Fenway","69 Park Dr. #8 Fenway","3500","0","0","2","1"
"Hyde Park","75 Como Rd. Hyde Park","6500","0","0","4","2.5"
"Hyde Park","15 Madison St. #1 Hyde Park","2500","0","0","2","1"
"Hyde Park","39-41 Suncrest Rd. #2 Hyde Park","3400","0","0","3","1"
"Jamaica Plain","46 Spring Park Ave. #1 Jamaica Plain","5100","0","0","4","2"
"Jamaica Plain","38 Robeson St. #1 Jamaica Plain","3500","0","0","2","2"
"Jamaica Plain","76 Wenham #1 Jamaica Plain","3400","0","0","3","1"
"Jamaica Plain","81 Amory St. #401 Jamaica Plain","3850","0","0","3","2"
"Mission Hill","80 Fenwood Rd. #1009 Mission Hill","3400","0","0","1","1"
"Roxbury","288 Highland St. #3 Roxbury","2600","0","0","2","1"
"Roxbury","221 Dudley #5 Roxbury","3000","0","0","3","1"
"Roxbury","475 Dudley St. #2 Roxbury","2850","0","0","4","1"
"Roxbury","431 Melnea Cass Blvd. #310 Roxbury","4099","0","0","2","2"
"Roxbury","11 Wyoming #1 Roxbury","3000","0","0","2","1"
"Roxbury","285 Roxbury St. Roxbury","4700","0","0","4","2"
"Roxbury","25 Alpine St. #2 Roxbury","2500","0","0","2","1"
"Roxbury","22 Pompeii St. #2 Roxbury","2500","0","0","2","1"
"Roxbury","2747 Washington St. #5 Roxbury","4500","0","0","5","1"
"South End","40 Traveler St. #407 South End","4000","0","0","1","1"
"South End","345 Harrison Ave. #909 South End","2735","0","0","N/A","1"
"South End","89 East Dedham St. #825 South End","4086","0","0","1","1"
"South End","533 Columbus Ave. #8 South End","2495","0","0","1","1"
"Dorchester","10 Coffey St. #3 Dorchester","2100","0","0","1","1"
"Dorchester","12 Wyoming St. #3 Dorchester","1750","0","0","1","1"
"Dorchester","65 Capen St. #1 Dorchester","2850","0","0","2","1"
"Dorchester","1854 Dorchester Ave. #402 Dorchester","3300","0","0","2","2"
"Dorchester","24 Oyster Bay Rd. #290707 Dorchester","2530","0","0","1","1"
"Dorchester","12 Danube St. #2 Dorchester","3600","0","0","4","1"
"Dorchester","33 Greenbrier St. #1 Dorchester","3650","0","0","4","1"
"Dorchester","60 Mather St. #1 Dorchester","3900","0","0","3","2"
"Dorchester","18 Gaston St. #1 Dorchester","3500","0","0","3","2.5"
"Dorchester","14 Bearse Ave. #1 Dorchester","3400","0","0","3","1"
"Dorchester","22 Willis St. #2 Dorchester","2850","0","0","3","1"
"Dorchester","97 Fuller St. #1 Dorchester","3200","0","0","3","1.5"
"Dorchester","7 Rowell #1 Dorchester","3400","0","0","3","2"
"Allston","1185 Commonwealth Ave. #1 Allston","3900","0","0","3","1"
"Allston","1197 Commonwealth Ave. #24 Allston","3100","0","0","2","1"
"Allston","41 Ashford St. #3 Allston","6000","0","0","4","1.5"
"Jamaica Plain","8 Buckley Ave. #1 Jamaica Plain","3300","0","0","3","1"
"South End","400 Massachusetts Ave. #85 South End","2700","0","0","1","1"
"Coolidge Corner","56 Dwight #3 Coolidge Corner","4500","0","0","3","2"
"Dorchester","16 Norwood St. #2 Dorchester","2100","0","0","1","1"
"Dorchester","24 Oyster Bay Rd. #190603 Dorchester","3450","0","0","2","2"
"Dorchester","112 Adams #3L Dorchester","2800","0","0","2","1"
"Roxbury","3 Sunderland #4 Roxbury","2600","0","0","2","1"
"Dorchester","58 Tolman St. #1 Dorchester","2500","0","0","1","1"
"Back Bay","513 Beacon #6 Back Bay","3395","0","0","1","1"
"Jamaica Plain","19 Armstrong St. #3 Jamaica Plain","3200","0","0","3","1"
"Allston","85 Brainerd Rd. #T8 Allston","5500","0","0","4","3.5"
"South End","11 East Springfield #C South End","5600","0","0","3","2.5"
"Brookline Village","22 Chestnut Pl. #316 Brookline Village","3300","0","0","2","2"
"Mission Hill","256 Parker Hill Ave. #SHORT TERM Mission Hill","2750","0","0","2","1"
"Back Bay","770 Boylston St. #770-22E Back Bay","3821","0","0","1","1"
"Mission Hill","75 Saint Alphonsus St. #2010 Mission Hill","2700","0","0","N/A","1"
"Mission Hill","75 Saint Alphonsus St. #1207 Mission Hill","4926","0","0","3","2"
"Mission Hill","75 Saint Alphonsus St. #1910 Mission Hill","2700","0","0","N/A","1"
"Mission Hill","75 Saint Alphonsus St. #903 Mission Hill","2544","0","0","1","1"
"Mission Hill","75 Saint Alphonsus St. #1404 Mission Hill","2434","0","0","1","1"
"Mission Hill","75 Saint Alphonsus St. #906 Mission Hill","2544","0","0","1","1"
"Mission Hill","75 Saint Alphonsus St. #605 Mission Hill","2584","0","0","1","1"
"Mission Hill","75 Saint Alphonsus St. #1510 Mission Hill","2685","0","0","N/A","1"
"Mission Hill","75 Saint Alphonsus St. #1408 Mission Hill","2484","0","0","1","1"
"Mission Hill","75 Saint Alphonsus St. #609 Mission Hill","3514","0","0","2","1.5"
"Mission Hill","75 Saint Alphonsus St. #1503 Mission Hill","2574","0","0","1","1"
"Mission Hill","75 Saint Alphonsus St. #607 Mission Hill","4901","0","0","3","2"
"Mission Hill","75 Saint Alphonsus St. #1901 Mission Hill","3369","0","0","2","1.5"
"Mission Hill","75 Saint Alphonsus St. #1110 Mission Hill","2670","0","0","N/A","1"
"Mission Hill","75 Saint Alphonsus St. #606 Mission Hill","2534","0","0","1","1"
"Mission Hill","75 Saint Alphonsus St. #1504 Mission Hill","2449","0","0","1","1"
"Mission Hill","75 Saint Alphonsus St. #603 Mission Hill","2534","0","0","1","1"
"Mission Hill","75 Saint Alphonsus St. #1109 Mission Hill","3539","0","0","2","1.5"
"Mission Hill","75 Saint Alphonsus St. #1807 Mission Hill","4941","0","0","3","2"
"Mission Hill","75 Saint Alphonsus St. #501 Mission Hill","3314","0","0","2","1.5"
"Fenway","1330 Boylston St. #517 Fenway","3996","0","0","1","1.5"
"Fenway","1330 Boylston St. #609 Fenway","4900","0","0","1","1.5"
"Fenway","1330 Boylston St. #917 Fenway","4122","0","0","1","1.5"
"Fenway","1330 Boylston St. #218 Fenway","4999","0","0","2","2"
"Fenway","1330 Boylston St. #219 Fenway","3699","0","0","1","1"
"Fenway","1330 Boylston St. #203 Fenway","4450","0","0","1","1"
"Fenway","1330 Boylston St. #1317 Fenway","4930","0","0","1","1.5"
"Fenway","1330 Boylston St. #1113 Fenway","3699","0","0","1","1"
"Fenway","1330 Boylston St. #918 Fenway","5597","0","0","2","2"
"Fenway","1330 Boylston St. #418 Fenway","5100","0","0","2","2"
"Fenway","180 Brookline Ave. #1306 Fenway","5350","0","0","2","2"
"Fenway","180 Brookline Ave. #253 Fenway","3482","0","0","1","1"
"Fenway","180 Brookline Ave. #842 Fenway","3507","0","0","1","1"
"Fenway","180 Brookline Ave. #1401 Fenway","3757","0","0","1","1"
"Fenway","180 Brookline Ave. #244 Fenway","3732","0","0","1","1"
"Fenway","180 Brookline Ave. #1532 Fenway","3782","0","0","1","1"
"Fenway","180 Brookline Ave. #1106 Fenway","5249","0","0","2","2"
"Fenway","180 Brookline Ave. #303 Fenway","5551","0","0","2","2"
"Fenway","180 Brookline Ave. #807 Fenway","3608","0","0","N/A","1"
"Fenway","180 Brookline Ave. #1126 Fenway","3932","0","0","1","1"
"Fenway","180 Brookline Ave. #1326 Fenway","4032","0","0","1","1"
"Fenway","180 Brookline Ave. #553 Fenway","4897","0","0","2","2"
"Fenway","180 Brookline Ave. #1044 Fenway","3757","0","0","1","1"
"Back Bay","77 Exeter St. #1-803 Back Bay","3855","0","0","N/A","1"
"Back Bay","77 Exeter St. #1-1906 Back Bay","4517","0","0","1","1"
"Back Bay","77 Exeter St. #1-1206 Back Bay","4737","0","0","1","1"
"Back Bay","790 Boylston St. #790-22A Back Bay","3150","0","0","N/A","1"
"Fenway","1377 Boylston St. #1215 Fenway","4196","0","0","1","1"
"Fenway","1377 Boylston St. #1107 Fenway","3951","0","0","1","1"
"Fenway","1377 Boylston St. #1005 Fenway","4070","0","0","N/A","1"
"Fenway","1377 Boylston St. #614 Fenway","4278","0","0","1","1"
"South End","55 Traveler St. #922 South End","4220","0","0","2","2"
"South End","55 Traveler St. #722 South End","4210","0","0","2","2"
"South End","55 Traveler St. #402 South End","3795","0","0","2","1"
"South End","55 Traveler St. #1701 South End","3990","0","0","2","1"
"South End","55 Traveler St. #610 South End","2965","0","0","N/A","1"
"South End","55 Traveler St. #1303 South End","3235","0","0","1","1"
"South End","55 Traveler St. #732 South End","4170","0","0","2","2"
"South End","55 Traveler St. #1103 South End","3200","0","0","1","1"
"Allston","219 Western Ave. #S502 Allston","5264","0","0","2","2"
"Allston","219 Western Ave. #S529 Allston","4154","0","0","1","1"
"Allston","219 Western Ave. #S602 Allston","5357","0","0","2","2"
"Allston","219 Western Ave. #N208 Allston","5092","0","0","2","2"
"Allston","219 Western Ave. #S428 Allston","4900","0","0","2","2"
"Allston","219 Western Ave. #N320 Allston","3903","0","0","1","1"
"Allston","219 Western Ave. #N503 Allston","3903","0","0","1","1"
"Allston","219 Western Ave. #N921 Allston","4286","0","0","1","1"
"Allston","219 Western Ave. #S628 Allston","5010","0","0","2","2"
"Allston","219 Western Ave. #N420 Allston","4156","0","0","1","1"
"Allston","219 Western Ave. #N401 Allston","5065","0","0","2","2"
"Allston","219 Western Ave. #N616 Allston","4854","0","0","2","2"
"Allston","219 Western Ave. #N507 Allston","5065","0","0","2","2"
"Allston","219 Western Ave. #S230 Allston","4272","0","0","1","1"
"Back Bay","30 Dalton #2307 Back Bay","8243","0","0","2","2"
"Back Bay","30 Dalton #2104 Back Bay","4740","0","0","1","1"
"Back Bay","30 Dalton #2401 Back Bay","4888","0","0","1","1"
"Back Bay","30 Dalton #2302 Back Bay","7191","0","0","2","2"
"Back Bay","30 Dalton #2004 Back Bay","4700","0","0","1","1"
"Fenway","1350 Boylston St. #1207 Fenway","4445","0","0","1","1"
"Fenway","1350 Boylston St. #PH1612 Fenway","4693","0","0","1","1"
"Fenway","1350 Boylston St. #708 Fenway","5679","0","0","2","2"
"Fenway","1350 Boylston St. #1111 Fenway","4785","0","0","1","1"
"South End","50 Malden St. #325 South End","4020","0","0","2","1"
"South End","50 Malden St. #207 South End","3555","0","0","2","1"
"South End","50 Malden St. #625 South End","4065","0","0","2","1"
"Fenway","200 Brookline Ave. #610 Fenway","3604","0","0","N/A","1"
"Fenway","200 Brookline Ave. #916 Fenway","4796","0","0","1","1"
"Fenway","200 Brookline Ave. #1007 Fenway","4796","0","0","1","1"
"Fenway","200 Brookline Ave. #1513 Fenway","5221","0","0","1","1"
"Fenway","200 Brookline Ave. #716 Fenway","4746","0","0","1","1"
"Fenway","200 Brookline Ave. #314 Fenway","7260","0","0","2","2"
"Fenway","200 Brookline Ave. #1410 Fenway","3955","0","0","N/A","1"
"Fenway","200 Brookline Ave. #513 Fenway","4736","0","0","1","1"
"Fenway","200 Brookline Ave. #615-A Fenway","6949","0","0","2","2"
"Jamaica Plain","50 Evergreen St. #14 Jamaica Plain","2700","0","0","1","1"
"Allston","75 Braintree St. #203 Allston","4085","0","0","2","1"
"Allston","75 Braintree St. #218 Allston","3215","0","0","1","1"
"Brighton","67 Chiswick Rd. #4 Brighton","2960","0","0","2","1"
"Brighton","125 Guest St. #1711 Brighton","6559","0","0","3","2"
"Brighton","1550 Soldiers Field Rd. #516 Brighton","4008","0","0","2","2"
"Bay Village","212 Stuart St. #1605 Bay Village","5385","0","0","1","1"
"Bay Village","212 Stuart St. #1505 Bay Village","5335","0","0","1","1"
"Bay Village","212 Stuart St. #202 Bay Village","6450","0","0","2","2"
"Bay Village","212 Stuart St. #1901 Bay Village","14950","0","0","2","2"
"Mission Hill","101 South Huntington Ave. #201 Mission Hill","4759","0","0","2","2"
"Fenway","151 Park Dr. #11 Fenway","3700","0","0","2","1"
"Brighton","125 Chiswick Rd. #407 Brighton","2650","0","0","1","1"
"Brighton","202 Corey Rd. #1 Brighton","2950","0","0","2","1"
"Brighton","185 Chestnut Hill Ave. #6 Brighton","3100","0","0","N/A","1"
"Brighton","90 Kilsyth Rd. #44 Brighton","3500","0","0","1","1"
"Brighton","91 Wallingford #Driveway Brighton","200","0","0","N/A","N/A"
"Allston","2 Webley #parking Allston","175","0","0","N/A","N/A"
"Fenway","1350 Boylston St. #PH1709 Fenway","3525","0","0","N/A","1"
"Brighton","175 Washington St. #3153 Brighton","4509","0","0","2","2"
"Brighton","175 Washington St. #3250 Brighton","2898","0","0","N/A","1"
"Brighton","175 Washington St. #3343 Brighton","3453","0","0","1","1"
"Mission Hill","75 Saint Alphonsus St. #1705 Mission Hill","2624","0","0","1","1"
"Allston","219 Western Ave. #N919 Allston","4313","0","0","1","1"
"Fenway","771 Beacon St. #B2-1010 Fenway","3883","0","0","1","1"
"Bay Village","212 Stuart St. #1803 Bay Village","22510","0","0","3","2"
"Brighton","175 Washington St. #3351 Brighton","3562","0","0","1","1"
"Bay Village","212 Stuart St. #403 Bay Village","4540","0","0","1","1"
"Bay Village","212 Stuart St. #604 Bay Village","8300","0","0","2","2"
"Mission Hill","75 Saint Alphonsus St. #2008 Mission Hill","2514","0","0","1","1"
"Mission Hill","101 South Huntington Ave. #302 Mission Hill","6155","0","0","2","2"
"Brighton","125 Guest St. #1811 Brighton","6329","0","0","3","2"
"Mission Hill","75 Saint Alphonsus St. #1412 Mission Hill","3464","0","0","2","1.5"
"Mission Hill","75 Saint Alphonsus St. #907 Mission Hill","4911","0","0","3","2"
"South End","89 East Dedham St. #827 South End","3641","0","0","1","1"
"Back Bay","77 Exeter St. #1-604 Back Bay","4917","0","0","1","1"
"Brighton","1550 Soldiers Field Rd. #415 Brighton","2607","0","0","1","1"
"Fenway","200 Brookline Ave. #713 Fenway","4836","0","0","1","1"
"Back Bay","790 Boylston St. #790-17K Back Bay","3201","0","0","N/A","1"
"South End","89 East Dedham St. #1118 South End","4226","0","0","1","1"
"Mission Hill","75 Saint Alphonsus St. #402 Mission Hill","3239","0","0","2","1.5"
"Fenway","200 Brookline Ave. #1510 Fenway","4005","0","0","N/A","1"
"Brighton","1550 Soldiers Field Rd. #407 Brighton","2612","0","0","1","1"
"Allston","65 Brainerd Rd. #75-220 Allston","3627","0","0","1","1"
"Allston","65 Brainerd Rd. #60-501 Allston","3823","0","0","2","1"
"Allston","65 Brainerd Rd. #65-215 Allston","3062","0","0","1","1"
"Fenway","1330 Boylston St. #604 Fenway","4900","0","0","1","1.5"
"Brighton","1550 Soldiers Field Rd. #116 Brighton","2592","0","0","1","1"
"Back Bay","790 Boylston St. #790-15A Back Bay","3110","0","0","N/A","1"
"South End","89 East Dedham St. #2-228 South End","3207","0","0","N/A","1"
"South End","89 East Dedham St. #2-902 South End","3322","0","0","N/A","1"
"South End","89 East Dedham St. #2-502 South End","3242","0","0","N/A","1"
"South End","89 East Dedham St. #2-1102 South End","3522","0","0","N/A","1"
"South End","89 East Dedham St. #2-825 South End","3721","0","0","1","1"
"South End","89 East Dedham St. #2-108 South End","4161","0","0","1","1"
"South End","89 East Dedham St. #2-1004 South End","5595","0","0","2","2"
"South End","89 East Dedham St. #2-107 South End","5815","0","0","2","2"
"South End","89 East Dedham St. #2-511 South End","7149","0","0","3","2"
"Fenway","1260 Boylston St. #818 Fenway","4168","0","0","1","1"
"Fenway","1260 Boylston St. #808 Fenway","3259","0","0","N/A","1"
"Fenway","1260 Boylston St. #PH16 Fenway","3500","0","0","N/A","1"
"Fenway","1260 Boylston St. #438 Fenway","3391","0","0","N/A","1"
"Brighton","175 Washington St. #3618 Brighton","3748","0","0","1","1"
"Bay Village","212 Stuart St. #1806 Bay Village","6035","0","0","1","1"
"Mission Hill","101 South Huntington Ave. #404 Mission Hill","4401","0","0","2","1.5"
"South End","300 Harrison Ave. #3-209 South End","3649","0","0","N/A","1"
"South End","300 Harrison Ave. #3-308 South End","3649","0","0","N/A","1"
"South End","300 Harrison Ave. #3-307 South End","3663","0","0","1","1"
"South End","300 Harrison Ave. #2-524H-A South End","3688","0","0","1","1"
"Fenway","771 Beacon St. #B2-1204 Fenway","4028","0","0","N/A","1"
"Fenway","1260 Boylston St. #610 Fenway","3241","0","0","N/A","1"
"South End","300 Harrison Ave. #1-710H-A South End","3513","0","0","1","1"
"Dorchester","24 Oyster Bay Rd. #310210 Dorchester","3265","0","0","2","2"
"Brighton","175 Washington St. #3448 Brighton","2821","0","0","N/A","1"
"Brighton","175 Washington St. #1121 Brighton","3924","0","0","2","2"
"Brighton","175 Washington St. #3110 Brighton","4067","0","0","2","2"
"Fenway","49 Burbank St. #34807 Fenway","2610","0","0","N/A","1"
"Mission Hill","1575 Tremont St. #1103 Mission Hill","4336","0","0","2","1"
"Mission Hill","1575 Tremont St. #809 Mission Hill","4161","0","0","2","1"
"Dorchester","725 Adams St. #735008 Dorchester","2005","0","0","N/A","1"
"Allston","525 Lincoln St. #Various (3 bed) Allston","6000","0","0","3","2"
"Allston","525 Lincoln St. #Various (Studio) Allston","2950","0","0","N/A","1"
"Dorchester","18 Sumner St. #2 Dorchester","4800","0","0","4","3"
"Dorchester","307 Hancock St. #1 Dorchester","2000","0","0","1","1"
"Dorchester","303 Hancock St. #2 Dorchester","2000","0","0","1","1"
"Brighton","175 Washington St. #3130 Brighton","3051","0","0","N/A","1"
"Brighton","175 Washington St. #3146 Brighton","2882","0","0","N/A","1"
"Fenway","1260 Boylston St. #611 Fenway","3150","0","0","N/A","1"
"Brighton","1550 Soldiers Field Rd. #328 Brighton","3267","0","0","1","1"
"Fenway","1260 Boylston St. #1024 Fenway","3233","0","0","N/A","1"
"Dorchester","1943 Dorchester Ave. #202 Dorchester","2595","0","0","1","1"
"Brighton","175 Washington St. #3311 Brighton","3423","0","0","1","1"
"Jamaica Plain","201 South Huntington Ave. #201-313 Jamaica Plain","4300","0","0","1","1"
"South End","300 Harrison Ave. #2-327H-A South End","7941","0","0","3","2"
"Mission Hill","101 South Huntington Ave. #305 Mission Hill","4739","0","0","2","2"
"Mission Hill","1575 Tremont St. #904 Mission Hill","4396","0","0","2","1"
"Jamaica Plain","201 South Huntington Ave. #201-415 Jamaica Plain","4275","0","0","1","1"
"Brighton","9 Bronsdon St. #3B-D_14294 Brighton","3095","0","0","2","1"
"Mission Hill","75 Saint Alphonsus St. #1816 Mission Hill","3279","0","0","2","1.5"
"Allston","65 Brainerd Rd. #60-406 Allston","3688","0","0","2","1"
"Jamaica Plain","201 South Huntington Ave. #201-618 Jamaica Plain","3390","0","0","1","1"
"Dorchester","401 Mount Vernon St. #401-334 Dorchester","2600","0","0","1","1"
"Dorchester","401 Mount Vernon St. #401-327 Dorchester","2702","0","0","1","1"
"Mission Hill","101 South Huntington Ave. #509 Mission Hill","4248","0","0","1","1"
"Jamaica Plain","201 South Huntington Ave. #221-501 Jamaica Plain","4650","0","0","2","2"
"Dorchester","401 Mount Vernon St. #401-429 Dorchester","3482","0","0","2","2"
"Brighton","175 Washington St. #3234 Brighton","3501","0","0","1","1"
"Bay Village","212 Stuart St. #904 Bay Village","8250","0","0","2","2"
"Fenway","771 Beacon St. #B2-1201 Fenway","5402","0","0","2","2"
"Dorchester","401 Mount Vernon St. #401-236 Dorchester","3506","0","0","2","2"
"Allston","65 Brainerd Rd. #75-505 Allston","3818","0","0","1","1"
"Dorchester","401 Mount Vernon St. #401-433 Dorchester","3458","0","0","2","2"
"Dorchester","401 Mount Vernon St. #401-917 Dorchester","3506","0","0","2","2"
"Brighton","2 Sutherland Rd. #31 Brighton","2650","0","0","2","1"
"Dorchester","401 Mount Vernon St. #401-329 Dorchester","3482","0","0","2","2"
"Dorchester","24 Oyster Bay Rd. #330115 Dorchester","3655","0","0","2","1"
"Dorchester","780 Morrissey Blv Dorchester","2240","0","0","N/A","1"
"South End","300 Harrison Ave. #3-511 South End","3649","0","0","N/A","1"
"Allston","65 Brainerd Rd. #75-321 Allston","3358","0","0","1","1"
"Brighton","1550 Soldiers Field Rd. #531 Brighton","2700","0","0","1","1"
"Dorchester","24 Oyster Bay Rd. #210315 Dorchester","3295","0","0","2","1"
"Dorchester","24 Oyster Bay Rd. #260314 Dorchester","3540","0","0","2","2"
"Dorchester","24 Oyster Bay Rd. #260404 Dorchester","3550","0","0","2","2"
"Dorchester","24 Oyster Bay Rd. #190404 Dorchester","3425","0","0","2","2"
"Dorchester","24 Oyster Bay Rd. #180106 Dorchester","3295","0","0","2","1"
"Dorchester","24 Oyster Bay Rd. #210114 Dorchester","3475","0","0","2","1"
"Dorchester","24 Oyster Bay Rd. #200058 Dorchester","3755","0","0","2","2"
"Dorchester","24 Oyster Bay Rd. #170086 Dorchester","4350","0","0","2","2"
"Dorchester","24 Oyster Bay Rd. #230201 Dorchester","5300","0","0","3","1.5"
"Brighton","61 Selkirk Rd. #4 Brighton","2550","0","0","1","1"
"Brighton","175 Washington St. #3412 Brighton","3944","0","0","2","2"
"South End","89 East Dedham St. #512 South End","7091","0","0","3","2"
"Dorchester","24 Oyster Bay Rd. #140166 Dorchester","4895","0","0","3","1.5"
"Jamaica Plain","201 South Huntington Ave. #201-704 Jamaica Plain","3495","0","0","1","1"
"Dorchester","24 Oyster Bay Rd. #370106 Dorchester","5060","0","0","3","1.5"
"Brighton","9 Bronsdon St. #21B-C_14264 Brighton","3720","0","0","3","1"
"Brighton","175 Washington St. #2516 Brighton","4061","0","0","2","2"
"Back Bay","13-19 Stanhope St. #2A Back Bay","6000","0","0","2","1.5"
"Dorchester","401 Mount Vernon St. #375-724 Dorchester","2564","0","0","N/A","1"
"South End","89 East Dedham St. #1109 South End","5826","0","0","2","2"
"Dorchester","24 Oyster Bay Rd. #110402 Dorchester","3275","0","0","2","2"
"Dorchester","24 Oyster Bay Rd. #240503 Dorchester","3410","0","0","2","2"
"Allston","65 Brainerd Rd. #60-203 Allston","3883","0","0","2","1"
"Brighton","175 Washington St. #3212 Brighton","4100","0","0","2","2"
"Dorchester","24 Oyster Bay Rd. #380310 Dorchester","3430","0","0","1","1"
"Dorchester","401 Mount Vernon St. #401-814 Dorchester","2405","0","0","N/A","1"
"South End","390 Harrison Ave. #928 South End","7695","0","0","2","2"
"Dorchester","725 Adams St. #735027 Dorchester","2115","0","0","N/A","1"
"South End","300 Harrison Ave. #2-419 South End","3663","0","0","1","1"
"Dorchester","24 Oyster Bay Rd. #360316 Dorchester","2595","0","0","1","1"