Area Name,Address,Rent,Violent CrimeRate,Overall CrimeRate,Bed,Bath,Northeastern University_transit,Northeastern University_driving,Boston University_transit,Boston University_driving,Boston College_transit,Boston College_driving,Northeastern University_transit_cost,Boston University_transit_cost,Boston College_transit_cost
Fenway,165 Hemenway Unit 5,2950,0.2866,1.86,2.0,1.0,196.0,196.0,3606.0,1491.0,10488.0,7922.0,0,1.7,2.4
Fenway,132 Hemenway Unit 10,3200,0.2866,1.86,2.0,1.0,76.0,76.0,3703.0,1371.0,8425.0,12394.0,0,1.7,2.4
Fenway,238 Hemenway Unit 11,4850,0.2866,1.86,3.0,1.0,170.0,170.0,3390.0,1798.0,11478.0,7729.0,0,1.7,5.8
Fenway,238 Hemenway Unit b5,3195,0.2866,1.86,2.0,1.0,170.0,170.0,3390.0,1798.0,11478.0,7729.0,0,1.7,5.8
Fenway,238 Hemenway Unit B8,3395,0.2866,1.86,2.0,1.0,170.0,170.0,3390.0,1798.0,11478.0,7729.0,0,1.7,5.8
Fenway,315 Huntington Unit 2B,3100,0.2866,1.86,2.0,1.0,,,,,,,,,
Fenway,409 Huntington Unit 28,3300,0.2866,1.86,2.0,1.0,,,,,,,,,
Fenway,64 Louis Prang Unit 1,4950,0.2866,1.86,3.0,1.0,,,,,,,,,
Fenway,64 Louis Prang Unit 3,6600,0.2866,1.86,4.0,1.0,,,,,,,,,
Fenway,149 Park dr Unit 22,3250,0.2866,1.86,2.0,1.0,,,,,,,,,
Fenway,447 Park Unit 1A,4800,0.2866,1.86,3.0,1.0,,,,,,,,,
Fenway,447 Park Unit 2A,4800,0.2866,1.86,3.0,1.0,,,,,,,,,
Fenway,463 Park Unit B,4500,0.2866,1.86,3.0,1.0,,,,,,,,,
Fenway,463 Park Unit 15,3200,0.2866,1.86,2.0,1.0,,,,,,,,,
Fenway,463 Park Unit 21,4200,0.2866,1.86,3.0,1.0,,,,,,,,,
Fenway,58 Queensberry Unit 16,3700,0.2866,1.86,3.0,1.0,,,,,,,,,
Fenway,58 Queensberry Unit 21,3750,0.2866,1.86,3.0,1.0,,,,,,,,,
Fenway,97 St Stephen Unit 9,3300,0.2866,1.86,2.0,1.0,,,,,,,,,
Fenway,115 St Stephen Unit 51,3300,0.2866,1.86,2.0,1.0,,,,,,,,,
Fenway,45 Westland Unit 2,2800,0.2866,1.86,1.0,1.0,,,,,,,,,
Fenway,45 Westland Unit 6,4450,0.2866,1.86,3.0,1.0,,,,,,,,,
Fenway,45 Westland Unit 16,4550,0.2866,1.86,3.0,1.0,,,,,,,,,
Fenway,45 Westland Unit 19,4500,0.2866,1.86,3.0,1.0,,,,,,,,,
Brookline,1061 Beacon st  Unit B,4800,0.01,0.25,3.0,2.0,3334.0,2008.0,504.0,1168.0,5281.0,5377.0,1.7,0,2.4
Brookline,131 Brook  Unit 2,4800,0.01,0.25,5.0,2.0,,,,,,,,,
Brookline,241 Freeman Unit 5,4950,0.01,0.25,,,,,,,,,,,
Brookline,312 Tappan Unit 1A,3175,0.01,0.25,2.0,1.0,,,,,,,,,
Brookline,13 Perry Unit 1,2800,0.01,0.25,2.0,1.0,,,,,,,,,
Mission hill,822 Huntington Unit 3,4000,,,4.0,1.0,,,,,,,,,
Mission hill,822 Huntington Unit 4,3600,,,3.0,1.0,,,,,,,,,
Mission hill,838 Huntington Unit 1,3500,,,2.0,1.0,,,,,,,,,
Mission hill,840 Huntington Unit 1,3500,,,2.0,1.0,,,,,,,,,
Mission hill,882 Huntington Unit 1,4480,,,3.0,1.0,,,,,,,,,
Mission hill,226 Parker Hill Ave Unit 1,3600,,,2.0,1.0,2652.0,1632.0,6111.0,3742.0,8515.0,6942.0,1.7,4.1,4.1
Mission hill,226 Parker Hill Ave Unit 4,3600,,,2.0,1.0,2652.0,1632.0,6111.0,3742.0,8515.0,6942.0,1.7,4.1,4.1
Mission hill,226 Parker Hill Ave Unit 5,3600,,,2.0,1.0,2652.0,1632.0,6111.0,3742.0,8515.0,6942.0,1.7,4.1,4.1
Mission hill,226 Parker Hill Ave Unit 6,3600,,,2.0,1.0,2652.0,1632.0,6111.0,3742.0,8515.0,6942.0,1.7,4.1,4.1
Mission hill,226 Parker Hill Ave Unit 8,3600,,,2.0,1.0,2652.0,1632.0,6111.0,3742.0,8515.0,6942.0,1.7,4.1,4.1
Mission hill,226 Parker Hill Ave Unit 10,3500,,,2.0,1.0,2652.0,1632.0,6111.0,3742.0,8515.0,6942.0,1.7,4.1,4.1
Mission hill,226 Parker Hill Ave Unit 11,3500,,,2.0,1.0,2652.0,1632.0,6111.0,3742.0,8515.0,6942.0,1.7,4.1,4.1
Mission hill,226 Parker Hill Ave Unit 16,3500,,,2.0,1.0,2652.0,1632.0,6111.0,3742.0,8515.0,6942.0,1.7,4.1,4.1
Mission hill,30 S Huntington Unit 1,3300,,,2.0,1.0,,,,,,,,,
Mission hill,30 S Huntington Unit 2,4350,,,3.0,1.0,,,,,,,,,
Mission hill,30 S Huntington Unit 3,4200,,,3.0,1.0,,,,,,,,,
Mission hill,71 S Huntington Unit 1,3800,,,3.0,1.0,,,,,,,,,
Mission hill,71 S Huntington Unit 1,5000,,,4.0,1.0,,,,,,,,,
AllstonBrighton,53 Ashford  Unit 3,2700,,,2.0,1.0,,,,,,,,,
AllstonBrighton,153 Brighton ave Unit 10,2600,,,2.0,1.0,6503.0,5522.0,1301.0,1463.0,4267.0,3893.0,4.1,1.7,2.4
AllstonBrighton,11 Barrows  Unit 3,2200,,,1.0,1.0,,,,,,,,,
AllstonBrighton,251 Cambridge  Unit 3,4650,,,4.0,1.0,,,,,,,,,
AllstonBrighton,1131 Commonwealth Unit 4,3300,,,,,,,,,,,,,
AllstonBrighton,1687 Commonwealth Unit 18,2725,,,2.0,1.0,,,,,,,,,
AllstonBrighton,1789 Commonwealth Unit 3,4000,,,4.0,2.0,,,,,,,,,
AllstonBrighton,17 Cummings Unit 2,3500,,,4.0,1.0,,,,,,,,,
AllstonBrighton,17 Cummings Unit 4,3700,,,4.0,2.0,,,,,,,,,
AllstonBrighton,17 Cummings Unit 6,3750,,,4.0,2.0,,,,,,,,,
AllstonBrighton,23 Cummings Unit 6,3750,,,4.0,2.0,,,,,,,,,
AllstonBrighton,29 Cummings Unit 4,3700,,,4.0,2.0,,,,,,,,,
AllstonBrighton,29 Cummings Unit 5,3750,,,4.0,2.0,,,,,,,,,
AllstonBrighton,29 Cummings Unit 6,3700,,,4.0,2.0,,,,,,,,,
AllstonBrighton,23 Egremont Unit 4,3650,,,4.0,2.0,,,,,,,,,
AllstonBrighton,27 Egremont Unit A,3100,,,4.0,2.0,,,,,,,,,
AllstonBrighton,27 Egremont Unit 3,3650,,,4.0,2.0,,,,,,,,,
AllstonBrighton,27 Egremont Unit 4,3650,,,4.0,2.0,,,,,,,,,
AllstonBrighton,27 Egremont Unit 5,3700,,,4.0,2.0,,,,,,,,,
AllstonBrighton,33 Egremont Unit B,3200,,,3.0,2.0,,,,,,,,,
AllstonBrighton,37 Egremont Unit 3,4400,,,5.0,2.0,,,,,,,,,
AllstonBrighton,37 Egremont Unit 5,4400,,,5.0,2.0,,,,,,,,,
AllstonBrighton,41 Egremont Unit 4,4400,,,5.0,2.0,,,,,,,,,
AllstonBrighton,41 Egremont Unit 6,3950,,,4.0,2.0,,,,,,,,,
AllstonBrighton,75 Gardner Unit 7B,2400,,,1.0,1.0,,,,,,,,,
AllstonBrighton,75 Gardner Unit 8B,2600,,,2.0,1.0,,,,,,,,,
AllstonBrighton,146 North Beacon Unit B2,3200,,,,,7870.0,8763.0,2772.0,2394.0,3449.0,3163.0,3.4,1.7,4.1
AllstonBrighton,47 Orkney Rd Unit 2,5000,,,5.0,2.0,6234.0,5402.0,5038.0,4061.0,1794.0,1886.0,5.1,3.4,2.4
AllstonBrighton,47 Orkney Rd Unit 3,5000,,,5.0,2.0,6240.0,5395.0,5044.0,4054.0,1800.0,1879.0,5.1,3.4,2.4
AllstonBrighton,15 Scottfield Unit 16,3000,,,3.0,1.0,1209070.0,908523.0,1212499.0,905231.0,1215463.0,901260.0,0,0,0
AllstonBrighton,123 Sutherland Unit B,2995,,,2.0,1.0,,,,,,,,,
AllstonBrighton,131 Washington Unit 42,2300,,,1.0,1.0,,,,,,,,,
Jamaica Plain,279 Lamartine Unit 1,5875,0.03,0.28,4.0,2.0,,,,,,,,,
Jamaica Plain,314 Centre Unit 4,3200,0.03,0.28,3.0,1.0,,,,,,,,,
Jamaica Plain,314 Centre Unit 2,4000,0.03,0.28,3.0,1.0,,,,,,,,,
Jamaica Plain,314 Centre Unit 3,4400,0.03,0.28,4.0,2.0,,,,,,,,,
Jamaica Plain,8 Buckley Unit 1,3300,0.03,0.28,3.0,1.0,,,,,,,,,
Jamaica Plain,23 Evergreen Unit 2,4300,0.03,0.28,4.0,2.0,,,,,,,,,
Jamaica Plain,2 Mark st Unit 1,4060,0.03,0.28,3.0,2.0,,,,,,,,,
Jamaica Plain,3 Mark st Unit 2,4690,0.03,0.28,4.0,2.0,,,,,,,,,
Jamaica Plain,3147-3149 Washington st Unit 2,4100,0.03,0.28,4.0,1.0,4425.0,2895.0,9557.0,5470.0,16613.0,7718.0,1.7,3.4,5.8
Roxbury,65 Burrell Unit 3,3600,0.38,0.07,3.0,2.0,,,,,,,,,
Roxbury,21 Alpine Unit 2,4850,0.38,0.07,4.0,2.0,,,,,,,,,
Roxbury,129 Cedar St Unit 1,4100,0.38,0.07,4.0,2.0,,,,,,,,,
Roxbury,93 George Unit 1,2950,0.38,0.07,2.0,1.0,,,,,,,,,
Roxbury,93 George Unit 3,3295,0.38,0.07,3.0,1.0,,,,,,,,,
Roxbury,190 Highland St Unit 1,3300,0.38,0.07,3.0,1.0,72500.0,63246.0,75914.0,69459.0,83144.0,70061.0,0,0,0
Roxbury,2969 Washington Unit B,2850,0.38,0.07,1.0,1.0,,4784442.0,,4781150.0,,4777179.0,,,
Roxbury,2971 Washington Unit A,2995,0.38,0.07,2.0,1.0,,4784442.0,,4781150.0,,4777179.0,,,
Roxbury,2973 Washington Unit 1,3025,0.38,0.07,2.0,1.0,,4784442.0,,4781150.0,,4777179.0,,,
Roxbury,2975 Washington Unit 2,3750,0.38,0.07,3.0,2.0,,4784442.0,,4781150.0,,4777179.0,,,
Medford,124 Bonner Unit 2,4225,,,4.0,2.0,,,,,,,,,
Medford,313 Cambridge Unit 1,3995,,,4.0,1.0,,,,,,,,,
Medford,313 Cambridge Unit 2,4445,,,4.0,1.0,,,,,,,,,
Medford,74 Gore Unit 3,3445,,,3.0,1.0,,,,,,,,,
Medford,58 Medford Unit 3,3195,,,3.0,1.0,,,,,,,,,
Medford,585 Somerville Unit A-1,4355,,,4.0,2.0,15428.0,7714.0,6922.0,7198.0,18016.0,11248.0,4.1,4.1,2.4
Medford,68 Winchester Unit 2,4595,,,,,,,,,,,,,
DowntownSouth End,81 Essex Unit 36,2600,,,1.0,1.0,,,,,,,,,
DowntownSouth End,81 Essex Unit 22,3595,,,2.0,1.0,,,,,,,,,
DowntownSouth End,601 Albany st  Unit 506,3400,,,1.0,1.0,2032.0,2041.0,6993.0,8407.0,13113.0,16942.0,1.7,1.7,4.1
DowntownSouth End,601 Albany st  Unit 607,4200,,,,,2032.0,2041.0,6993.0,8407.0,13113.0,16942.0,1.7,1.7,4.1
Jamaica Plain,63 Mozart St. #R Jamaica Plain,3100,0.0,0.0,3.0,2.0,4743.0,2671.0,8342.0,4745.0,10849.0,7155.0,1.7,4.1,5.8
Jamaica Plain,12 Dalrymple St. #3 Jamaica Plain,4200,0.0,0.0,5.0,2.0,4181.0,3029.0,7546.0,5262.0,10782.0,7510.0,1.7,3.4,6.5
Jamaica Plain,49 Chestnut Ave. #3 Jamaica Plain,2500,0.0,0.0,2.0,1.0,3052.0,2424.0,8265.0,5018.0,10216.0,7428.0,1.7,4.1,6.5
Beacon Hill,20 Mount Vernon #102 Beacon Hill,1800,0.0,0.0,,1.0,4321.0,3622.0,4870.0,3106.0,10448.0,13782.0,1.7,2.4,2.4
Mission Hill,75 Saint Alphonsus St. #1502 Mission Hill,3279,0.0,0.0,2.0,1.5,902.0,966.0,5700.0,2297.0,12405.0,6937.0,2.4,4.1,2.4
Jamaica Plain,5 Buckley Ave. #3 Jamaica Plain,2975,0.0,0.0,3.0,1.0,3017.0,2389.0,8233.0,4666.0,10181.0,7076.0,1.7,4.1,6.5
Back Bay,770 Boylston St. #780-19D Back Bay,3060,0.0,0.0,,1.0,2323.0,8078.0,3493.0,6023.0,9028.0,13280.0,1.7,4.1,2.4
Jamaica Plain,81-85 Amory St. #401 Jamaica Plain,3850,0.0,0.0,3.0,2.0,3460.0,2372.0,6860.0,4476.0,10624.0,7814.0,1.7,3.4,5.8
Fort Hill,162 Centre St. #1 Fort Hill,2750,0.0,0.0,2.0,1.0,2377.0,1689.0,6735.0,3793.0,9542.0,7456.0,1.7,3.4,5.8
Dorchester,65 River #2 Dorchester,1800,0.0,0.0,1.0,1.0,7240.0,5326.0,10428.0,14549.0,14544.0,12603.0,1.7,3.4,5.8
Jamaica Plain,3266 Washington St. #3F Jamaica Plain,2950,0.0,0.0,3.0,1.0,4913.0,3251.0,7898.0,6061.0,11665.0,7943.0,4.1,3.4,5.8
Mission Hill,39 Calumet #2 Mission Hill,3900,0.0,0.0,4.0,1.0,1252.0,1593.0,5364.0,2924.0,12755.0,6508.0,2.4,4.1,2.4
Allston,9 Park Vale Ave. #12 Allston,2800,0.0,0.0,2.0,1.0,6966.0,6140.0,1390.0,1771.0,4180.0,3669.0,2.4,2.4,2.4
Fenway,313 Huntington Ave. #2B Fenway,3100,0.0,0.0,2.0,1.0,643.0,604.0,4520.0,2232.0,10099.0,8057.0,1.7,4.1,4.1
Mission Hill,75 Saint Alphonsus St. #215 Mission Hill,3229,0.0,0.0,2.0,1.5,902.0,966.0,5700.0,2297.0,12405.0,6937.0,2.4,4.1,2.4
Allston,525 Lincoln St. #Various (4 bed) Allston,8100,0.0,0.0,4.0,3.0,7043.0,4957.0,2835.0,2036.0,4978.0,4680.0,3.4,3.4,4.1
Allston,1415 Commonwealth Ave. #203 Allston,3600,0.0,0.0,3.0,2.0,5181.0,6609.0,1961.0,2535.0,3508.0,2978.0,2.4,2.4,2.4
Jamaica Plain,225 Centre St. #301 Jamaica Plain,3116,0.0,0.0,2.0,2.0,2691.0,1936.0,6091.0,4040.0,11190.0,7384.0,1.7,3.4,6.5
Fenway,1330 Boylston St. #1415 Fenway,5150,0.0,0.0,1.0,1.5,3634.0,1131.0,699.0,1328.0,7406.0,6269.0,0,0,2.4
Fenway,49 Burbank St. #8 Fenway,4454,0.0,0.0,2.0,1.0,325.0,555.0,2631.0,1641.0,8209.0,12664.0,0,2.4,2.4
Jamaica Plain,9 Cornwall St. #PH Jamaica Plain,3950,0.0,0.0,3.0,1.0,4418.0,3250.0,7957.0,6002.0,11646.0,7977.0,4.1,3.4,5.8
Allston,1185 Commonwealth Ave. #1 Allston,3555,0.0,0.0,3.0,1.0,6596.0,5776.0,1225.0,1115.0,4015.0,3885.0,2.4,2.4,2.4
Allston,1185 Commonwealth Ave. #3 Allston,3795,0.0,0.0,3.0,2.0,6596.0,5776.0,1225.0,1115.0,4015.0,3885.0,2.4,2.4,2.4
Beacon Hill,70 Joy St. #15 Beacon Hill,3300,0.0,0.0,2.0,1.0,4540.0,4468.0,5616.0,3952.0,11151.0,14628.0,1.7,4.1,2.4
Fenway,1260 Boylston St. #807 Fenway,3276,0.0,0.0,,1.0,686.0,919.0,798.0,1116.0,7815.0,6481.0,0,0,2.4
Brighton,1687 Commonwealth Ave. #18 Brighton,2725,0.0,0.0,2.0,1.0,6270.0,5984.0,3050.0,3698.0,2163.0,1905.0,2.4,2.4,2.4
Jamaica Plain,56 Forbes St. #2 Jamaica Plain,3450,0.0,0.0,3.0,1.0,3467.0,2969.0,6754.0,4392.0,10909.0,6877.0,1.7,5.8,4.1
Jamaica Plain,10 Union Ave. #10A-2 Jamaica Plain,3750,0.0,0.0,3.0,1.0,5186.0,3727.0,8171.0,5858.0,11357.0,7635.0,4.1,4.1,6.5
South End,556 Columbus Ave. #11-C South End,2595,0.0,0.0,1.0,1.0,309.0,816.0,4530.0,1995.0,9140.0,13722.0,0,4.1,4.1
Brighton,125 Chiswick Rd. #212 Brighton,2800,0.0,0.0,2.0,1.0,6645.0,6262.0,3425.0,3977.0,1743.0,1259.0,2.4,2.4,2.4
Washington Square,1677 Beacon St. #2 Washington Square,4400,0.0,0.0,4.0,2.0,5125.0,4260.0,3047.0,2918.0,3441.0,3248.0,2.4,2.4,2.4
Brighton,10 Camelot Ct. #10-2L Brighton,3273,0.0,0.0,2.0,1.0,6772.0,6283.0,2297.0,2209.0,3362.0,3454.0,2.4,2.4,2.4
Jamaica Plain,3611 Washington St. #2413 Jamaica Plain,3278,0.0,0.0,2.0,2.0,5960.0,4624.0,8945.0,7003.0,16171.0,8020.0,2.4,3.4,5.8
Roxbury,182 Walnut Ave. #3 Roxbury,3425,0.0,0.0,4.0,1.0,3634.0,2943.0,6636.0,5047.0,11146.0,8569.0,1.7,3.4,5.8
Allston,157 Everett St. #203 Allston,3650,0.0,0.0,2.0,2.0,7312.0,7558.0,2511.0,2378.0,5794.0,4018.0,3.4,1.7,2.4
Fenway,90 Westland Ave. #203 Fenway,2950,0.0,0.0,2.0,1.0,124.0,124.0,2687.0,1210.0,8265.0,12233.0,0,2.4,2.4
Jamaica Plain,27 Parkton Rd. #3 Jamaica Plain,4595,0.0,0.0,3.0,2.0,4004.0,4172.0,6030.0,3812.0,13811.0,6347.0,1.7,3.4,4.1
Mission Hill,75 Saint Alphonsus St. #410 Mission Hill,2645,0.0,0.0,,1.0,902.0,966.0,5700.0,2297.0,12405.0,6937.0,2.4,4.1,2.4
Mission Hill,75 Saint Alphonsus St. #2007 Mission Hill,4956,0.0,0.0,3.0,2.0,902.0,966.0,5700.0,2297.0,12405.0,6937.0,2.4,4.1,2.4
Brighton,11 Camelot Ct. #11-6J Brighton,3348,0.0,0.0,2.0,1.0,5479.0,6322.0,2259.0,2248.0,3324.0,3493.0,3.4,2.4,2.4
Roxbury,150 Camden St. #150 - 504 Roxbury,4600,0.0,0.0,2.0,2.0,134.0,618.0,3541.0,2194.0,9119.0,8737.0,0,4.1,4.1
Roxbury,150 Camden St. #150 - 506 Roxbury,3200,0.0,0.0,1.0,1.0,134.0,618.0,3541.0,2194.0,9119.0,8737.0,0,4.1,4.1
Back Bay,290 Commonwealth Ave. #24 Back Bay,1875,0.0,0.0,,1.0,1795.0,1933.0,2420.0,1483.0,7998.0,13087.0,1.7,2.4,2.4
Back Bay,1 Charles St. South #214 Back Bay,3850,0.0,0.0,1.0,1.0,2706.0,3719.0,3986.0,3203.0,9521.0,14790.0,1.7,4.1,2.4
Back Bay,122 Beacon St. #1 Back Bay,3100,0.0,0.0,,1.0,2730.0,2730.0,4099.0,2214.0,9634.0,12890.0,1.7,2.4,2.4
Brighton,63 Sutherland #B-2 Brighton,1700,0.0,0.0,1.0,1.0,,,,,,,,,
Hyde Park,35 Williams Ave. #1 Hyde Park,2750,0.0,0.0,2.0,1.0,13424.0,11854.0,23389.0,15266.0,27239.0,13545.0,3.4,5.1,4.1
Jamaica Plain,112 Amory St. #1 Jamaica Plain,2000,0.0,0.0,1.0,1.0,3464.0,2376.0,6864.0,5284.0,10628.0,7694.0,1.7,3.4,5.8
Dorchester,85 Pierce Ave. #2 Dorchester,2800,0.0,0.0,2.0,1.0,10837.0,9227.0,14237.0,15440.0,18347.0,14738.0,3.4,4.1,7.5
Jamaica Plain,285 Lamartine St. #1 Jamaica Plain,5875,0.0,0.0,4.0,2.0,4576.0,3280.0,7355.0,5642.0,11509.0,7532.0,2.4,4.1,2.4
Allston,1185 Commonwealth Ave. #101 Allston,4500,0.0,0.0,4.0,2.0,4445.0,5776.0,1225.0,1115.0,4015.0,3885.0,2.4,2.4,2.4
Roxbury,23-25 Rockledge St. #23 Roxbury,4100,0.0,0.0,3.0,1.5,2190.0,2177.0,5606.0,4169.0,9692.0,8525.0,1.7,1.7,4.1
Jamaica Plain,17 Pond Street - 17 #1 Jamaica Plain,3250,0.0,0.0,3.0,1.0,4662.0,5131.0,6688.0,4771.0,14468.0,6589.0,1.7,3.4,4.1
Mission Hill,75 Saint Alphonsus St. #702 Mission Hill,3249,0.0,0.0,2.0,1.5,902.0,966.0,5314.0,2297.0,8104.0,6937.0,2.4,4.1,2.4
Mission Hill,75 Saint Alphonsus St. #708 Mission Hill,2469,0.0,0.0,1.0,1.0,902.0,966.0,5314.0,2297.0,8104.0,6937.0,2.4,4.1,2.4
Mission Hill,75 Saint Alphonsus St. #1602 Mission Hill,3279,0.0,0.0,2.0,1.5,902.0,966.0,5314.0,2297.0,8104.0,6937.0,2.4,4.1,2.4
Mission Hill,75 Saint Alphonsus St. #409 Mission Hill,3439,0.0,0.0,2.0,1.5,902.0,966.0,5314.0,2297.0,8104.0,6937.0,2.4,4.1,2.4
Mission Hill,75 Saint Alphonsus St. #2006 Mission Hill,2589,0.0,0.0,1.0,1.0,902.0,966.0,5314.0,2297.0,8104.0,6937.0,2.4,4.1,2.4
Fenway,180 Brookline Ave. #1046 Fenway,5274,0.0,0.0,2.0,2.0,2712.0,1429.0,1348.0,1153.0,7690.0,6100.0,1.7,1.7,2.4
Allston,1185 Commonwealth Ave. #5 Allston,3000,0.0,0.0,2.0,1.0,4445.0,5776.0,1225.0,1115.0,4015.0,3885.0,2.4,2.4,2.4
Brighton,1550 Soldiers Field Rd. #316 Brighton,3988,0.0,0.0,2.0,2.0,7895.0,8280.0,5568.0,6786.0,5028.0,3708.0,3.4,3.4,4.1
Mission Hill,101 South Huntington Ave. #303 Mission Hill,6889,0.0,0.0,3.0,2.0,2123.0,2119.0,4928.0,2864.0,13625.0,6064.0,2.4,4.1,2.4
Brighton,125 Chiswick Rd. #207 Brighton,2600,0.0,0.0,1.0,1.0,6645.0,6262.0,3425.0,3977.0,1743.0,1259.0,2.4,2.4,2.4
Allston,16-18 Highgate St. (Room Rental) #301 Allston,1450,0.0,0.0,5.0,2.0,5953.0,5473.0,1603.0,1397.0,4569.0,4509.0,1.7,1.7,2.4
Brighton,24 Everett St. #3 Brighton,3700,0.0,0.0,4.0,1.0,6400.0,7996.0,2050.0,1845.0,4205.0,3517.0,4.1,1.7,2.4
Fenway,1260 Boylston St. #927 Fenway,4776,0.0,0.0,1.0,1.0,686.0,919.0,798.0,1116.0,7815.0,6481.0,0,0,2.4
Fenway,1260 Boylston St. #806 Fenway,3268,0.0,0.0,,1.0,686.0,919.0,798.0,1116.0,7815.0,6481.0,0,0,2.4
Allston,65 Brainerd Rd. #60-502 Allston,3913,0.0,0.0,2.0,1.0,4787.0,4285.0,1567.0,1599.0,3757.0,4194.0,4.1,2.4,2.4
Allston,1193 Commonwealth Ave. #20 Allston,2800,0.0,0.0,2.0,1.0,4414.0,5745.0,1194.0,1084.0,3984.0,3854.0,2.4,2.4,2.4
Brighton,1550 Soldiers Field Rd. #219 Brighton,3823,0.0,0.0,2.0,2.0,7895.0,8280.0,5568.0,6786.0,5028.0,3708.0,3.4,3.4,4.1
Allston,398 Cambridge St. #402 Allston,3995,0.0,0.0,2.0,2.0,6377.0,5291.0,1802.0,1501.0,4584.0,3738.0,3.4,1.7,2.4
Back Bay,405 Commonwealth Ave. #9 Back Bay,4300,0.0,0.0,2.0,1.0,1611.0,984.0,564.0,535.0,7988.0,6699.0,1.7,0,2.4
Roxbury,55 Burrell St. #R Roxbury,3600,0.0,0.0,4.0,2.0,3904.0,2407.0,7304.0,5134.0,11416.0,19168.0,1.7,3.4,5.8
Dorchester,2A THANE St. #2 Dorchester,3500,0.0,0.0,3.0,2.0,6597.0,5259.0,9997.0,8161.0,14150.0,12154.0,1.7,3.4,5.8
Back Bay,857 Beacon St. #23 Back Bay,2850,0.0,0.0,1.0,1.0,3045.0,1723.0,658.0,673.0,6996.0,6021.0,1.7,1.7,2.4
Back Bay,100 Arlington St. #4K Back Bay,4752,0.0,0.0,1.0,1.0,2499.0,2359.0,3779.0,2951.0,9314.0,14381.0,2.4,4.1,2.4
Back Bay,30 Dalton #2010 Back Bay,5418,0.0,0.0,1.0,1.0,1443.0,1051.0,2562.0,1431.0,8140.0,13158.0,1.7,2.4,2.4
Back Bay,30 Dalton #2510 Back Bay,5778,0.0,0.0,1.0,1.0,1443.0,1051.0,2562.0,1431.0,8140.0,13158.0,1.7,2.4,2.4
Back Bay,49 Gloucester St. #1 Back Bay,2250,0.0,0.0,,1.0,1566.0,2069.0,2458.0,1619.0,7992.0,7784.0,1.7,2.4,2.4
Back Bay,412 Beacon St. #9 Back Bay,12500,0.0,0.0,3.0,2.5,1801.0,1498.0,979.0,979.0,8221.0,11946.0,1.7,0,2.4
Back Bay,301 Beacon St. Back Bay,35000,0.0,0.0,4.0,4.5,2628.0,1883.0,1364.0,1364.0,9147.0,12330.0,1.7,0,2.4
Allston,75 Braintree St. #205 Allston,3785,0.0,0.0,2.0,1.0,6278.0,5521.0,1928.0,1731.0,4814.0,3825.0,3.4,1.7,2.4
Allston,47 Parkvale Ave. #4 Allston,2500,0.0,0.0,1.0,1.0,6796.0,6309.0,1594.0,1940.0,4349.0,3838.0,4.1,1.7,2.4
Allston,20 Radcliffe Rd. #201 Allston,2300,0.0,0.0,1.0,1.0,6243.0,6691.0,1562.0,2397.0,3711.0,3716.0,2.4,2.4,2.4
Beacon Hill,65 Hancock St. #3R Beacon Hill,2600,0.0,0.0,1.0,1.0,4479.0,3833.0,5028.0,3317.0,10606.0,13993.0,1.7,4.1,2.4
Beacon Hill,116 Charles St. #4 Beacon Hill,8000,0.0,0.0,2.0,2.0,4920.0,3489.0,5631.0,2973.0,10001.0,13649.0,2.4,4.1,2.4
Brighton,9 Bronsdon St. #17B-D_14246 Brighton,3150,0.0,0.0,2.0,1.0,7794.0,6424.0,6686.0,3503.0,4426.0,3527.0,3.4,3.4,4.1
Brighton,15 North Beacon St. #417 Brighton,3000,0.0,0.0,2.0,1.5,6170.0,8250.0,1819.0,2308.0,4121.0,3553.0,4.1,1.7,2.4
Brighton,1462 Commonwealth Ave. #2 Brighton,3800,0.0,0.0,3.0,2.0,5320.0,4732.0,2100.0,2066.0,3165.0,3403.0,2.4,2.4,2.4
Brighton,530 Western Ave. #513 Brighton,4284,0.0,0.0,2.0,2.0,9483.0,7842.0,5234.0,6348.0,4694.0,4402.0,3.4,3.4,4.1
Brighton,1550 Soldiers Field Rd. #230 Brighton,2592,0.0,0.0,1.0,1.0,7895.0,8280.0,5568.0,6786.0,5028.0,3708.0,3.4,3.4,4.1
Brighton,34 Perthshire #34 Brighton,7000,0.0,0.0,6.0,3.0,12108.0,10151.0,8876.0,4276.0,2549.0,2861.0,3.4,3.4,1.7
Brighton,12 Waverly #3 Brighton,3100,0.0,0.0,3.0,1.5,,,,,,,,,
Brighton,11 Camelot Ct. #11-3I Brighton,4147,0.0,0.0,3.0,1.0,5479.0,6322.0,2259.0,2248.0,3324.0,3493.0,2.4,2.4,2.4
Brighton,1419 Commonwealth Ave. #204 Brighton,3700,0.0,0.0,3.0,2.0,5167.0,6595.0,1947.0,2521.0,3494.0,2964.0,2.4,2.4,2.4
Brighton,122A Englewood Ave. #3 Brighton,2250,0.0,0.0,1.0,1.0,7106.0,5707.0,4967.0,3959.0,1626.0,1409.0,5.1,3.4,2.4
Fenway,200 Brookline Ave. #1511 Fenway,3930,0.0,0.0,,1.0,2612.0,1566.0,1228.0,1032.0,7816.0,5979.0,1.7,1.7,2.4
Fenway,200 Brookline Ave. #406 Fenway,4646,0.0,0.0,1.0,1.0,2612.0,1566.0,1228.0,1032.0,7816.0,5979.0,1.7,1.7,2.4
Fenway,18 Edgerly #1 Fenway,3500,0.0,0.0,2.0,1.5,441.0,1820.0,2452.0,1217.0,7986.0,12240.0,0,2.4,2.4
Fenway,16 Peterborough #504 Fenway,4200,0.0,0.0,2.0,2.0,559.0,1020.0,872.0,1224.0,7889.0,6531.0,0,0,2.4
Fenway,69 Park Dr. #8 Fenway,3500,0.0,0.0,2.0,1.0,351.0,1025.0,2978.0,1795.0,8096.0,6742.0,0,1.7,2.4
Hyde Park,75 Como Rd. Hyde Park,6500,0.0,0.0,4.0,2.5,12475.0,15370.0,16075.0,15010.0,26017.0,13289.0,7,8.7,9.4
Hyde Park,15 Madison St. #1 Hyde Park,2500,0.0,0.0,2.0,1.0,12899.0,15199.0,14810.0,14839.0,22705.0,13118.0,3.4,5.8,4.1
Hyde Park,39-41 Suncrest Rd. #2 Hyde Park,3400,0.0,0.0,3.0,1.0,14183.0,10599.0,20653.0,13570.0,17547.0,14949.0,8.2,5.8,5.8
Jamaica Plain,46 Spring Park Ave. #1 Jamaica Plain,5100,0.0,0.0,4.0,2.0,4802.0,3255.0,6828.0,4857.0,10912.0,7308.0,1.7,5.8,4.1
Jamaica Plain,38 Robeson St. #1 Jamaica Plain,3500,0.0,0.0,2.0,2.0,5284.0,3770.0,8269.0,6392.0,12820.0,9613.0,4.1,3.4,5.8
Jamaica Plain,76 Wenham #1 Jamaica Plain,3400,0.0,0.0,3.0,1.0,6907.0,5284.0,9892.0,7335.0,15775.0,8352.0,2.4,3.4,4.1
Jamaica Plain,81 Amory St. #401 Jamaica Plain,3850,0.0,0.0,3.0,2.0,3463.0,2375.0,6863.0,4479.0,10627.0,7817.0,1.7,3.4,5.8
Mission Hill,80 Fenwood Rd. #1009 Mission Hill,3400,0.0,0.0,1.0,1.0,1498.0,1505.0,4760.0,2250.0,7767.0,6502.0,2.4,4.1,4.1
Roxbury,288 Highland St. #3 Roxbury,2600,0.0,0.0,2.0,1.0,3826.0,1743.0,6811.0,3847.0,9656.0,7510.0,1.7,3.4,5.8
Roxbury,221 Dudley #5 Roxbury,3000,0.0,0.0,3.0,1.0,2659.0,1312.0,5198.0,4089.0,10176.0,9221.0,1.7,1.7,4.1
Roxbury,475 Dudley St. #2 Roxbury,2850,0.0,0.0,4.0,1.0,3299.0,2093.0,6699.0,4820.0,10811.0,10109.0,1.7,3.4,5.8
Roxbury,431 Melnea Cass Blvd. #310 Roxbury,4099,0.0,0.0,2.0,2.0,520.0,496.0,4549.0,3224.0,13342.0,9343.0,0,1.7,4.1
Roxbury,11 Wyoming #1 Roxbury,3000,0.0,0.0,2.0,1.0,3957.0,2886.0,6959.0,6112.0,11417.0,9634.0,1.7,3.4,5.8
Roxbury,285 Roxbury St. Roxbury,4700,0.0,0.0,4.0,2.0,1408.0,993.0,4808.0,3097.0,8910.0,8480.0,1.7,3.4,4.1
Roxbury,25 Alpine St. #2 Roxbury,2500,0.0,0.0,2.0,1.0,2920.0,2062.0,5528.0,4166.0,9816.0,9002.0,1.7,1.7,4.1
Roxbury,22 Pompeii St. #2 Roxbury,2500,0.0,0.0,2.0,1.0,5158.0,2386.0,7419.0,10205.0,12011.0,18737.0,1.7,4.1,4.1
Roxbury,2747 Washington St. #5 Roxbury,4500,0.0,0.0,5.0,1.0,3683.0,2417.0,6421.0,4521.0,10972.0,8343.0,4.1,3.4,5.8
South End,40 Traveler St. #407 South End,4000,0.0,0.0,1.0,1.0,3566.0,3103.0,7846.0,7491.0,11596.0,16014.0,1.7,4.1,4.1
South End,345 Harrison Ave. #909 South End,2735,0.0,0.0,,1.0,3396.0,2569.0,7564.0,3511.0,11275.0,14763.0,1.7,4.1,4.1
South End,89 East Dedham St. #825 South End,4086,0.0,0.0,1.0,1.0,3699.0,2296.0,7098.0,8472.0,13218.0,17007.0,1.7,1.7,4.1
South End,533 Columbus Ave. #8 South End,2495,0.0,0.0,1.0,1.0,402.0,887.0,3642.0,2268.0,9220.0,13793.0,0,3.4,4.1
Dorchester,10 Coffey St. #3 Dorchester,2100,0.0,0.0,1.0,1.0,10735.0,9063.0,13734.0,15276.0,18245.0,23781.0,3.4,4.1,7.5
Dorchester,12 Wyoming St. #3 Dorchester,1750,0.0,0.0,1.0,1.0,3973.0,2870.0,7289.0,6096.0,11401.0,9618.0,1.7,3.4,5.8
Dorchester,65 Capen St. #1 Dorchester,2850,0.0,0.0,2.0,1.0,9092.0,8008.0,13124.0,10979.0,23636.0,11996.0,3.4,4.1,4.1
Dorchester,1854 Dorchester Ave. #402 Dorchester,3300,0.0,0.0,2.0,2.0,7851.0,10733.0,11251.0,16946.0,15367.0,13930.0,1.7,3.4,5.8
Dorchester,24 Oyster Bay Rd. #290707 Dorchester,2530,0.0,0.0,1.0,1.0,9641.0,5542.0,12974.0,11755.0,19953.0,20260.0,1.7,1.7,2.4
Dorchester,12 Danube St. #2 Dorchester,3600,0.0,0.0,4.0,1.0,4171.0,2969.0,8893.0,5696.0,11683.0,10501.0,1.7,3.4,5.8
Dorchester,33 Greenbrier St. #1 Dorchester,3650,0.0,0.0,4.0,1.0,6067.0,5352.0,9467.0,15321.0,13620.0,12475.0,1.7,3.4,5.8
Dorchester,60 Mather St. #1 Dorchester,3900,0.0,0.0,3.0,2.0,7166.0,8832.0,15297.0,15045.0,18688.0,13348.0,4.1,2.4,2.4
Dorchester,18 Gaston St. #1 Dorchester,3500,0.0,0.0,3.0,2.5,4088.0,3009.0,7488.0,6236.0,11600.0,9758.0,1.7,3.4,5.8
Dorchester,14 Bearse Ave. #1 Dorchester,3400,0.0,0.0,3.0,1.0,12244.0,11311.0,13068.0,17524.0,19761.0,13574.0,4.1,4.1,2.4
Dorchester,22 Willis St. #2 Dorchester,2850,0.0,0.0,3.0,1.0,7498.0,3816.0,8453.0,11739.0,17810.0,20244.0,3.4,5.8,4.1
Dorchester,97 Fuller St. #1 Dorchester,3200,0.0,0.0,3.0,1.5,8235.0,11126.0,11983.0,17339.0,16100.0,12683.0,3.4,5.1,5.8
Dorchester,7 Rowell #1 Dorchester,3400,0.0,0.0,3.0,2.0,4965.0,3757.0,8365.0,12493.0,12477.0,12811.0,1.7,3.4,4.1
Allston,1185 Commonwealth Ave. #1 Allston,3900,0.0,0.0,3.0,1.0,4445.0,5776.0,1225.0,1115.0,4015.0,3885.0,2.4,2.4,2.4
Allston,1197 Commonwealth Ave. #24 Allston,3100,0.0,0.0,2.0,1.0,4399.0,5730.0,1179.0,1069.0,3969.0,3839.0,4.1,2.4,2.4
Allston,41 Ashford St. #3 Allston,6000,0.0,0.0,4.0,1.5,4395.0,5621.0,1295.0,1449.0,5008.0,4561.0,2.4,1.7,2.4
Jamaica Plain,8 Buckley Ave. #1 Jamaica Plain,3300,0.0,0.0,3.0,1.0,3003.0,2375.0,8044.0,4652.0,10167.0,7062.0,1.7,4.1,6.5
South End,400 Massachusetts Ave. #85 South End,2700,0.0,0.0,1.0,1.0,370.0,770.0,3055.0,1772.0,8633.0,13499.0,0,4.1,4.1
Coolidge Corner,56 Dwight #3 Coolidge Corner,4500,0.0,0.0,3.0,2.0,3617.0,2853.0,2524.0,1512.0,5314.0,4062.0,2.4,3.4,4.1
Dorchester,16 Norwood St. #2 Dorchester,2100,0.0,0.0,1.0,1.0,12854.0,8138.0,16254.0,14351.0,20370.0,22856.0,3.4,5.8,7.5
Dorchester,24 Oyster Bay Rd. #190603 Dorchester,3450,0.0,0.0,2.0,2.0,9641.0,5542.0,12974.0,11755.0,19953.0,20260.0,1.7,1.7,2.4
Dorchester,112 Adams #3L Dorchester,2800,0.0,0.0,2.0,1.0,6002.0,4654.0,9402.0,14233.0,13514.0,13238.0,1.7,3.4,5.8
Roxbury,3 Sunderland #4 Roxbury,2600,0.0,0.0,2.0,1.0,4376.0,3300.0,7776.0,6526.0,11888.0,11487.0,1.7,3.4,5.8
Dorchester,58 Tolman St. #1 Dorchester,2500,0.0,0.0,1.0,1.0,12732.0,8016.0,19613.0,14229.0,20248.0,22734.0,3.4,5.8,7.5
Back Bay,513 Beacon #6 Back Bay,3395,0.0,0.0,1.0,1.0,1586.0,1109.0,590.0,590.0,8091.0,11557.0,1.7,0,2.4
Jamaica Plain,19 Armstrong St. #3 Jamaica Plain,3200,0.0,0.0,3.0,1.0,3066.0,2438.0,6466.0,5032.0,10230.0,7442.0,1.7,3.4,6.5
Allston,85 Brainerd Rd. #T8 Allston,5500,0.0,0.0,4.0,3.5,5365.0,4371.0,2145.0,1685.0,3692.0,3789.0,2.4,2.4,2.4
South End,11 East Springfield #C South End,5600,0.0,0.0,3.0,2.5,3013.0,1494.0,6413.0,3341.0,9448.0,10341.0,1.7,1.7,4.1
Brookline Village,22 Chestnut Pl. #316 Brookline Village,3300,0.0,0.0,2.0,2.0,4956.0,3519.0,4256.0,4482.0,5285.0,4850.0,4.1,3.4,1.7
Mission Hill,256 Parker Hill Ave. #SHORT TERM Mission Hill,2750,0.0,0.0,2.0,1.0,2551.0,1672.0,6154.0,3003.0,8558.0,7044.0,2.4,4.1,4.1
Back Bay,770 Boylston St. #770-22E Back Bay,3821,0.0,0.0,1.0,1.0,2323.0,8078.0,3493.0,6023.0,9028.0,13280.0,1.7,2.4,2.4
Mission Hill,75 Saint Alphonsus St. #2010 Mission Hill,2700,0.0,0.0,,1.0,902.0,966.0,5700.0,2297.0,12405.0,6937.0,2.4,4.1,2.4
Mission Hill,75 Saint Alphonsus St. #1207 Mission Hill,4926,0.0,0.0,3.0,2.0,902.0,966.0,5700.0,2297.0,12405.0,6937.0,2.4,4.1,2.4
Mission Hill,75 Saint Alphonsus St. #1910 Mission Hill,2700,0.0,0.0,,1.0,902.0,966.0,5700.0,2297.0,12405.0,6937.0,2.4,4.1,2.4
Mission Hill,75 Saint Alphonsus St. #903 Mission Hill,2544,0.0,0.0,1.0,1.0,902.0,966.0,5700.0,2297.0,12405.0,6937.0,2.4,4.1,2.4
Mission Hill,75 Saint Alphonsus St. #1404 Mission Hill,2434,0.0,0.0,1.0,1.0,902.0,966.0,5700.0,2297.0,12405.0,6937.0,2.4,4.1,2.4
Mission Hill,75 Saint Alphonsus St. #906 Mission Hill,2544,0.0,0.0,1.0,1.0,902.0,966.0,5700.0,2297.0,12405.0,6937.0,2.4,4.1,2.4
Mission Hill,75 Saint Alphonsus St. #605 Mission Hill,2584,0.0,0.0,1.0,1.0,902.0,966.0,5700.0,2297.0,12405.0,6937.0,2.4,4.1,2.4
Mission Hill,75 Saint Alphonsus St. #1510 Mission Hill,2685,0.0,0.0,,1.0,902.0,966.0,5700.0,2297.0,12405.0,6937.0,2.4,4.1,2.4
Mission Hill,75 Saint Alphonsus St. #1408 Mission Hill,2484,0.0,0.0,1.0,1.0,902.0,966.0,5700.0,2297.0,12405.0,6937.0,2.4,4.1,2.4
Mission Hill,75 Saint Alphonsus St. #609 Mission Hill,3514,0.0,0.0,2.0,1.5,902.0,966.0,5700.0,2297.0,12405.0,6937.0,2.4,4.1,2.4
Mission Hill,75 Saint Alphonsus St. #1503 Mission Hill,2574,0.0,0.0,1.0,1.0,902.0,966.0,5700.0,2297.0,12405.0,6937.0,2.4,4.1,2.4
Mission Hill,75 Saint Alphonsus St. #607 Mission Hill,4901,0.0,0.0,3.0,2.0,902.0,966.0,5700.0,2297.0,12405.0,6937.0,2.4,4.1,2.4
Mission Hill,75 Saint Alphonsus St. #1901 Mission Hill,3369,0.0,0.0,2.0,1.5,902.0,966.0,5700.0,2297.0,12405.0,6937.0,2.4,4.1,2.4
Mission Hill,75 Saint Alphonsus St. #1110 Mission Hill,2670,0.0,0.0,,1.0,902.0,966.0,5700.0,2297.0,12405.0,6937.0,2.4,4.1,2.4
Mission Hill,75 Saint Alphonsus St. #606 Mission Hill,2534,0.0,0.0,1.0,1.0,902.0,966.0,5700.0,2297.0,12405.0,6937.0,2.4,4.1,2.4
Mission Hill,75 Saint Alphonsus St. #1504 Mission Hill,2449,0.0,0.0,1.0,1.0,902.0,966.0,5700.0,2297.0,12405.0,6937.0,2.4,4.1,2.4
Mission Hill,75 Saint Alphonsus St. #603 Mission Hill,2534,0.0,0.0,1.0,1.0,902.0,966.0,5700.0,2297.0,12405.0,6937.0,2.4,4.1,2.4
Mission Hill,75 Saint Alphonsus St. #1109 Mission Hill,3539,0.0,0.0,2.0,1.5,902.0,966.0,5700.0,2297.0,12405.0,6937.0,2.4,4.1,2.4
Mission Hill,75 Saint Alphonsus St. #1807 Mission Hill,4941,0.0,0.0,3.0,2.0,902.0,966.0,5700.0,2297.0,12405.0,6937.0,2.4,4.1,2.4
Mission Hill,75 Saint Alphonsus St. #501 Mission Hill,3314,0.0,0.0,2.0,1.5,902.0,966.0,5700.0,2297.0,12405.0,6937.0,2.4,4.1,2.4
Fenway,1330 Boylston St. #517 Fenway,3996,0.0,0.0,1.0,1.5,3634.0,1131.0,699.0,1328.0,7716.0,6269.0,0,0,2.4
Fenway,1330 Boylston St. #609 Fenway,4900,0.0,0.0,1.0,1.5,9002.0,6850.0,8303.0,7064.0,1926.0,2031.0,3.4,3.4,1.7
Fenway,1330 Boylston St. #917 Fenway,4122,0.0,0.0,1.0,1.5,3634.0,1131.0,699.0,1328.0,7716.0,6269.0,0,0,2.4
Fenway,1330 Boylston St. #218 Fenway,4999,0.0,0.0,2.0,2.0,3634.0,1131.0,699.0,1328.0,7716.0,6269.0,0,0,2.4
Fenway,1330 Boylston St. #219 Fenway,3699,0.0,0.0,1.0,1.0,3634.0,1131.0,699.0,1328.0,7716.0,6269.0,0,0,2.4
Fenway,1330 Boylston St. #203 Fenway,4450,0.0,0.0,1.0,1.0,2902.0,1185.0,1462.0,1267.0,7771.0,6214.0,0,1.7,2.4
Fenway,1330 Boylston St. #1317 Fenway,4930,0.0,0.0,1.0,1.5,3634.0,1131.0,699.0,1328.0,7716.0,6269.0,0,0,2.4
Fenway,1330 Boylston St. #1113 Fenway,3699,0.0,0.0,1.0,1.0,3634.0,1131.0,699.0,1328.0,7716.0,6269.0,0,0,2.4
Fenway,1330 Boylston St. #918 Fenway,5597,0.0,0.0,2.0,2.0,3634.0,1131.0,699.0,1328.0,7716.0,6269.0,0,0,2.4
Fenway,1330 Boylston St. #418 Fenway,5100,0.0,0.0,2.0,2.0,3634.0,1131.0,699.0,1328.0,7716.0,6269.0,0,0,2.4
Fenway,180 Brookline Ave. #1306 Fenway,5350,0.0,0.0,2.0,2.0,2712.0,1429.0,1348.0,1153.0,7690.0,6100.0,1.7,1.7,2.4
Fenway,180 Brookline Ave. #253 Fenway,3482,0.0,0.0,1.0,1.0,2573.0,1438.0,1287.0,1147.0,7330.0,6094.0,1.7,1.7,2.4
Fenway,180 Brookline Ave. #842 Fenway,3507,0.0,0.0,1.0,1.0,2712.0,1429.0,1348.0,1153.0,7690.0,6100.0,1.7,1.7,2.4
Fenway,180 Brookline Ave. #1401 Fenway,3757,0.0,0.0,1.0,1.0,2712.0,1429.0,1348.0,1153.0,7690.0,6100.0,1.7,1.7,2.4
Fenway,180 Brookline Ave. #244 Fenway,3732,0.0,0.0,1.0,1.0,2573.0,1438.0,1287.0,1147.0,7330.0,6094.0,1.7,1.7,2.4
Fenway,180 Brookline Ave. #1532 Fenway,3782,0.0,0.0,1.0,1.0,2573.0,1438.0,1287.0,1147.0,7330.0,6094.0,1.7,1.7,2.4
Fenway,180 Brookline Ave. #1106 Fenway,5249,0.0,0.0,2.0,2.0,2712.0,1429.0,1348.0,1153.0,7690.0,6100.0,1.7,1.7,2.4
Fenway,180 Brookline Ave. #303 Fenway,5551,0.0,0.0,2.0,2.0,2573.0,1438.0,1287.0,1147.0,7330.0,6094.0,1.7,1.7,2.4
Fenway,180 Brookline Ave. #807 Fenway,3608,0.0,0.0,,1.0,2712.0,1429.0,1348.0,1153.0,7690.0,6100.0,1.7,1.7,2.4
Fenway,180 Brookline Ave. #1126 Fenway,3932,0.0,0.0,1.0,1.0,2573.0,1438.0,1287.0,1147.0,7330.0,6094.0,1.7,1.7,2.4
Fenway,180 Brookline Ave. #1326 Fenway,4032,0.0,0.0,1.0,1.0,2573.0,1438.0,1287.0,1147.0,7330.0,6094.0,1.7,1.7,2.4
Fenway,180 Brookline Ave. #553 Fenway,4897,0.0,0.0,2.0,2.0,2573.0,1438.0,1287.0,1147.0,7330.0,6094.0,1.7,1.7,2.4
Fenway,180 Brookline Ave. #1044 Fenway,3757,0.0,0.0,1.0,1.0,2712.0,1429.0,1348.0,1153.0,7690.0,6100.0,1.7,1.7,2.4
Back Bay,77 Exeter St. #1-803 Back Bay,3855,0.0,0.0,,1.0,2082.0,1442.0,3305.0,2355.0,8840.0,15278.0,1.7,2.4,2.4
Back Bay,77 Exeter St. #1-1906 Back Bay,4517,0.0,0.0,1.0,1.0,2082.0,1442.0,3305.0,2355.0,8840.0,15278.0,1.7,2.4,2.4
Back Bay,77 Exeter St. #1-1206 Back Bay,4737,0.0,0.0,1.0,1.0,2082.0,1442.0,3305.0,2355.0,8840.0,15278.0,1.7,2.4,2.4
Back Bay,790 Boylston St. #790-22A Back Bay,3150,0.0,0.0,,1.0,2367.0,1744.0,3413.0,2252.0,8948.0,8417.0,1.7,4.1,2.4
Fenway,1377 Boylston St. #1215 Fenway,4196,0.0,0.0,1.0,1.0,2679.0,1330.0,1317.0,1122.0,7423.0,6069.0,1.7,1.7,2.4
Fenway,1377 Boylston St. #1107 Fenway,3951,0.0,0.0,1.0,1.0,2679.0,1330.0,1317.0,1122.0,7423.0,6069.0,1.7,1.7,2.4
Fenway,1377 Boylston St. #1005 Fenway,4070,0.0,0.0,,1.0,2679.0,1330.0,1317.0,1122.0,7423.0,6069.0,1.7,1.7,2.4
Fenway,1377 Boylston St. #614 Fenway,4278,0.0,0.0,1.0,1.0,2679.0,1330.0,1317.0,1122.0,7423.0,6069.0,1.7,1.7,2.4
South End,55 Traveler St. #922 South End,4220,0.0,0.0,2.0,2.0,4437.0,3093.0,7836.0,7480.0,11211.0,16003.0,3.4,4.1,4.1
South End,55 Traveler St. #722 South End,4210,0.0,0.0,2.0,2.0,4437.0,3093.0,7836.0,7480.0,11211.0,16003.0,3.4,4.1,4.1
South End,55 Traveler St. #402 South End,3795,0.0,0.0,2.0,1.0,3577.0,3093.0,7836.0,7480.0,11211.0,16003.0,3.4,4.1,4.1
South End,55 Traveler St. #1701 South End,3990,0.0,0.0,2.0,1.0,3577.0,3093.0,7836.0,7480.0,11211.0,16003.0,3.4,4.1,4.1
South End,55 Traveler St. #610 South End,2965,0.0,0.0,,1.0,3577.0,3093.0,7836.0,7480.0,11211.0,16003.0,3.4,4.1,4.1
South End,55 Traveler St. #1303 South End,3235,0.0,0.0,1.0,1.0,3577.0,3093.0,7836.0,7480.0,11211.0,16003.0,3.4,4.1,4.1
South End,55 Traveler St. #732 South End,4170,0.0,0.0,2.0,2.0,3577.0,3093.0,7836.0,7480.0,11211.0,16003.0,3.4,4.1,4.1
South End,55 Traveler St. #1103 South End,3200,0.0,0.0,1.0,1.0,3577.0,3093.0,7836.0,7480.0,11211.0,16003.0,3.4,4.1,4.1
Allston,219 Western Ave. #S502 Allston,5264,0.0,0.0,2.0,2.0,6497.0,5857.0,3543.0,4363.0,5629.0,5860.0,3.4,3.4,4.1
Allston,219 Western Ave. #S529 Allston,4154,0.0,0.0,1.0,1.0,6497.0,5857.0,3543.0,4363.0,5629.0,5860.0,3.4,3.4,4.1
Allston,219 Western Ave. #S602 Allston,5357,0.0,0.0,2.0,2.0,6497.0,5857.0,3543.0,4363.0,5629.0,5860.0,3.4,3.4,4.1
Allston,219 Western Ave. #N208 Allston,5092,0.0,0.0,2.0,2.0,6497.0,5857.0,3543.0,4363.0,5629.0,5860.0,3.4,3.4,4.1
Allston,219 Western Ave. #S428 Allston,4900,0.0,0.0,2.0,2.0,6497.0,5857.0,3543.0,4363.0,5629.0,5860.0,3.4,3.4,4.1
Allston,219 Western Ave. #N320 Allston,3903,0.0,0.0,1.0,1.0,6497.0,5857.0,3543.0,4363.0,5629.0,5860.0,3.4,3.4,4.1
Allston,219 Western Ave. #N503 Allston,3903,0.0,0.0,1.0,1.0,6497.0,5857.0,3543.0,4363.0,5629.0,5860.0,3.4,3.4,4.1
Allston,219 Western Ave. #N921 Allston,4286,0.0,0.0,1.0,1.0,6497.0,5857.0,3543.0,4363.0,5629.0,5860.0,3.4,3.4,4.1
Allston,219 Western Ave. #S628 Allston,5010,0.0,0.0,2.0,2.0,6497.0,5857.0,3543.0,4363.0,5629.0,5860.0,3.4,3.4,4.1
Allston,219 Western Ave. #N420 Allston,4156,0.0,0.0,1.0,1.0,6497.0,5857.0,3543.0,4363.0,5629.0,5860.0,3.4,3.4,4.1
Allston,219 Western Ave. #N401 Allston,5065,0.0,0.0,2.0,2.0,6497.0,5857.0,3543.0,4363.0,5629.0,5860.0,3.4,3.4,4.1
Allston,219 Western Ave. #N616 Allston,4854,0.0,0.0,2.0,2.0,6497.0,5857.0,3543.0,4363.0,5629.0,5860.0,3.4,3.4,4.1
Allston,219 Western Ave. #N507 Allston,5065,0.0,0.0,2.0,2.0,6497.0,5857.0,3543.0,4363.0,5629.0,5860.0,3.4,3.4,4.1
Allston,219 Western Ave. #S230 Allston,4272,0.0,0.0,1.0,1.0,6497.0,5857.0,3543.0,4363.0,5629.0,5860.0,3.4,3.4,4.1
Back Bay,30 Dalton #2307 Back Bay,8243,0.0,0.0,2.0,2.0,1443.0,1051.0,2562.0,1431.0,8140.0,13158.0,1.7,2.4,2.4
Back Bay,30 Dalton #2104 Back Bay,4740,0.0,0.0,1.0,1.0,1443.0,1051.0,2562.0,1431.0,8140.0,13158.0,1.7,2.4,2.4
Back Bay,30 Dalton #2401 Back Bay,4888,0.0,0.0,1.0,1.0,1443.0,1051.0,2562.0,1431.0,8140.0,13158.0,1.7,2.4,2.4
Back Bay,30 Dalton #2302 Back Bay,7191,0.0,0.0,2.0,2.0,1443.0,1051.0,2562.0,1431.0,8140.0,13158.0,1.7,2.4,2.4
Back Bay,30 Dalton #2004 Back Bay,4700,0.0,0.0,1.0,1.0,1443.0,1051.0,2562.0,1431.0,8140.0,13158.0,1.7,2.4,2.4
Fenway,1350 Boylston St. #1207 Fenway,4445,0.0,0.0,1.0,1.0,2881.0,1206.0,1441.0,1246.0,7838.0,6193.0,0,1.7,2.4
Fenway,1350 Boylston St. #PH1612 Fenway,4693,0.0,0.0,1.0,1.0,2881.0,1206.0,1441.0,1246.0,7838.0,6193.0,0,1.7,2.4
Fenway,1350 Boylston St. #708 Fenway,5679,0.0,0.0,2.0,2.0,2881.0,1206.0,1441.0,1246.0,7838.0,6193.0,0,1.7,2.4
Fenway,1350 Boylston St. #1111 Fenway,4785,0.0,0.0,1.0,1.0,2881.0,1206.0,1441.0,1246.0,7838.0,6193.0,0,1.7,2.4
South End,50 Malden St. #325 South End,4020,0.0,0.0,2.0,1.0,3961.0,2057.0,7360.0,3138.0,12151.0,16833.0,1.7,1.7,4.1
South End,50 Malden St. #207 South End,3555,0.0,0.0,2.0,1.0,3961.0,2057.0,7360.0,3138.0,12151.0,16833.0,1.7,1.7,4.1
South End,50 Malden St. #625 South End,4065,0.0,0.0,2.0,1.0,3961.0,2057.0,7360.0,3138.0,12151.0,16833.0,1.7,1.7,4.1
Fenway,200 Brookline Ave. #610 Fenway,3604,0.0,0.0,,1.0,2612.0,1566.0,1228.0,1032.0,7816.0,5979.0,1.7,1.7,2.4
Fenway,200 Brookline Ave. #916 Fenway,4796,0.0,0.0,1.0,1.0,2612.0,1566.0,1228.0,1032.0,7816.0,5979.0,1.7,1.7,2.4
Fenway,200 Brookline Ave. #1007 Fenway,4796,0.0,0.0,1.0,1.0,2612.0,1566.0,1228.0,1032.0,7816.0,5979.0,1.7,1.7,2.4
Fenway,200 Brookline Ave. #1513 Fenway,5221,0.0,0.0,1.0,1.0,2612.0,1566.0,1228.0,1032.0,7816.0,5979.0,1.7,1.7,2.4
Fenway,200 Brookline Ave. #716 Fenway,4746,0.0,0.0,1.0,1.0,2612.0,1566.0,1228.0,1032.0,7816.0,5979.0,1.7,1.7,2.4
Fenway,200 Brookline Ave. #314 Fenway,7260,0.0,0.0,2.0,2.0,2612.0,1566.0,1228.0,1032.0,7816.0,5979.0,1.7,1.7,2.4
Fenway,200 Brookline Ave. #1410 Fenway,3955,0.0,0.0,,1.0,2612.0,1566.0,1228.0,1032.0,7816.0,5979.0,1.7,1.7,2.4
Fenway,200 Brookline Ave. #513 Fenway,4736,0.0,0.0,1.0,1.0,2612.0,1566.0,1228.0,1032.0,7816.0,5979.0,1.7,1.7,2.4
Fenway,200 Brookline Ave. #615-A Fenway,6949,0.0,0.0,2.0,2.0,2612.0,1566.0,1228.0,1032.0,7816.0,5979.0,1.7,1.7,2.4
Jamaica Plain,50 Evergreen St. #14 Jamaica Plain,2700,0.0,0.0,1.0,1.0,2815.0,2745.0,5672.0,3801.0,13452.0,6690.0,2.4,3.4,4.1
Allston,75 Braintree St. #203 Allston,4085,0.0,0.0,2.0,1.0,6373.0,5521.0,1928.0,1731.0,4814.0,3825.0,3.4,1.7,2.4
Allston,75 Braintree St. #218 Allston,3215,0.0,0.0,1.0,1.0,6373.0,5521.0,1928.0,1731.0,4814.0,3825.0,3.4,1.7,2.4
Brighton,67 Chiswick Rd. #4 Brighton,2960,0.0,0.0,2.0,1.0,6678.0,5803.0,3458.0,3517.0,1776.0,1568.0,2.4,2.4,2.4
Brighton,125 Guest St. #1711 Brighton,6559,0.0,0.0,3.0,2.0,9482.0,8753.0,2530.0,2377.0,4282.0,3383.0,3.4,1.7,2.4
Brighton,1550 Soldiers Field Rd. #516 Brighton,4008,0.0,0.0,2.0,2.0,9893.0,8280.0,5568.0,6786.0,5028.0,3708.0,3.4,3.4,4.1
Bay Village,212 Stuart St. #1605 Bay Village,5385,0.0,0.0,1.0,1.0,2644.0,3864.0,17247.0,3348.0,9465.0,14935.0,1.7,4.1,2.4
Bay Village,212 Stuart St. #1505 Bay Village,5335,0.0,0.0,1.0,1.0,2644.0,3864.0,17247.0,3348.0,9465.0,14935.0,1.7,4.1,2.4
Bay Village,212 Stuart St. #202 Bay Village,6450,0.0,0.0,2.0,2.0,2644.0,3864.0,17247.0,3348.0,9465.0,14935.0,1.7,4.1,2.4
Bay Village,212 Stuart St. #1901 Bay Village,14950,0.0,0.0,2.0,2.0,2644.0,3864.0,17247.0,3348.0,9465.0,14935.0,1.7,4.1,2.4
Mission Hill,101 South Huntington Ave. #201 Mission Hill,4759,0.0,0.0,2.0,2.0,2123.0,2119.0,4928.0,2864.0,12681.0,6064.0,2.4,4.1,2.4
Fenway,151 Park Dr. #11 Fenway,3700,0.0,0.0,2.0,1.0,563.0,1172.0,2668.0,1464.0,8169.0,6411.0,0,1.7,2.4
Brighton,125 Chiswick Rd. #407 Brighton,2650,0.0,0.0,1.0,1.0,6645.0,6262.0,3425.0,3977.0,1743.0,1259.0,2.4,2.4,2.4
Brighton,202 Corey Rd. #1 Brighton,2950,0.0,0.0,2.0,1.0,6173.0,4573.0,2953.0,2209.0,2958.0,2925.0,2.4,2.4,2.4
Brighton,185 Chestnut Hill Ave. #6 Brighton,3100,0.0,0.0,,1.0,7794.0,7792.0,3669.0,4017.0,1274.0,1072.0,4.1,2.4,2.4
Brighton,90 Kilsyth Rd. #44 Brighton,3500,0.0,0.0,1.0,1.0,6486.0,5072.0,3266.0,3283.0,2379.0,2460.0,2.4,2.4,2.4
Brighton,91 Wallingford #Driveway Brighton,200,0.0,0.0,,,9632.0,6114.0,3923.0,3828.0,1683.0,1482.0,3.4,2.4,2.4
Allston,2 Webley #parking Allston,175,0.0,0.0,,,4961.0,6101.0,1849.0,1732.0,3777.0,4053.0,4.1,1.7,2.4
Fenway,1350 Boylston St. #PH1709 Fenway,3525,0.0,0.0,,1.0,2881.0,1206.0,1441.0,1246.0,7838.0,6193.0,0,1.7,2.4
Brighton,175 Washington St. #3153 Brighton,4509,0.0,0.0,2.0,2.0,6251.0,5395.0,3031.0,3110.0,3036.0,2797.0,3.4,2.4,2.4
Brighton,175 Washington St. #3250 Brighton,2898,0.0,0.0,,1.0,6251.0,5395.0,3031.0,3110.0,3036.0,2797.0,3.4,2.4,2.4
Brighton,175 Washington St. #3343 Brighton,3453,0.0,0.0,1.0,1.0,6251.0,5395.0,3031.0,3110.0,3036.0,2797.0,3.4,2.4,2.4
Mission Hill,75 Saint Alphonsus St. #1705 Mission Hill,2624,0.0,0.0,1.0,1.0,902.0,966.0,5700.0,2297.0,8104.0,6937.0,2.4,4.1,4.1
Allston,219 Western Ave. #N919 Allston,4313,0.0,0.0,1.0,1.0,6497.0,5857.0,3543.0,4363.0,5629.0,5860.0,3.4,3.4,4.1
Fenway,771 Beacon St. #B2-1010 Fenway,3883,0.0,0.0,1.0,1.0,3091.0,1670.0,538.0,822.0,6951.0,5904.0,0,0,2.4
Bay Village,212 Stuart St. #1803 Bay Village,22510,0.0,0.0,3.0,2.0,2644.0,3864.0,17247.0,3348.0,9465.0,14935.0,1.7,4.1,2.4
Brighton,175 Washington St. #3351 Brighton,3562,0.0,0.0,1.0,1.0,,1950525.0,,1947233.0,,1943262.0,,,
Bay Village,212 Stuart St. #403 Bay Village,4540,0.0,0.0,1.0,1.0,2644.0,3864.0,17247.0,3348.0,9465.0,14935.0,1.7,4.1,2.4
Bay Village,212 Stuart St. #604 Bay Village,8300,0.0,0.0,2.0,2.0,2644.0,3864.0,17247.0,3348.0,9465.0,14935.0,1.7,4.1,2.4
Mission Hill,75 Saint Alphonsus St. #2008 Mission Hill,2514,0.0,0.0,1.0,1.0,902.0,966.0,5700.0,2297.0,8104.0,6937.0,2.4,4.1,4.1
Mission Hill,101 South Huntington Ave. #302 Mission Hill,6155,0.0,0.0,2.0,2.0,2123.0,2119.0,4928.0,2864.0,12681.0,6064.0,2.4,4.1,2.4
Brighton,125 Guest St. #1811 Brighton,6329,0.0,0.0,3.0,2.0,9482.0,8753.0,2530.0,2377.0,4282.0,3383.0,3.4,1.7,2.4
Mission Hill,75 Saint Alphonsus St. #1412 Mission Hill,3464,0.0,0.0,2.0,1.5,902.0,966.0,5700.0,2297.0,8104.0,6937.0,2.4,4.1,4.1
Mission Hill,75 Saint Alphonsus St. #907 Mission Hill,4911,0.0,0.0,3.0,2.0,902.0,966.0,5700.0,2297.0,8104.0,6937.0,2.4,4.1,4.1
South End,89 East Dedham St. #827 South End,3641,0.0,0.0,1.0,1.0,3699.0,2296.0,7098.0,8472.0,12322.0,17007.0,1.7,1.7,4.1
Back Bay,77 Exeter St. #1-604 Back Bay,4917,0.0,0.0,1.0,1.0,2082.0,1442.0,3305.0,2355.0,8840.0,15278.0,1.7,4.1,2.4
Brighton,1550 Soldiers Field Rd. #415 Brighton,2607,0.0,0.0,1.0,1.0,9893.0,8280.0,5568.0,6786.0,5028.0,3708.0,3.4,3.4,4.1
Fenway,200 Brookline Ave. #713 Fenway,4836,0.0,0.0,1.0,1.0,2612.0,1566.0,1228.0,1032.0,7816.0,5979.0,1.7,1.7,2.4
Back Bay,790 Boylston St. #790-17K Back Bay,3201,0.0,0.0,,1.0,2367.0,1744.0,3413.0,2252.0,8948.0,8417.0,1.7,4.1,2.4
South End,89 East Dedham St. #1118 South End,4226,0.0,0.0,1.0,1.0,3699.0,2296.0,7098.0,8472.0,12322.0,17007.0,1.7,1.7,4.1
Mission Hill,75 Saint Alphonsus St. #402 Mission Hill,3239,0.0,0.0,2.0,1.5,902.0,966.0,5700.0,2297.0,8104.0,6937.0,2.4,4.1,2.4
Fenway,200 Brookline Ave. #1510 Fenway,4005,0.0,0.0,,1.0,2612.0,1566.0,1228.0,1032.0,7816.0,5979.0,1.7,1.7,2.4
Brighton,1550 Soldiers Field Rd. #407 Brighton,2612,0.0,0.0,1.0,1.0,9893.0,8280.0,5568.0,6786.0,5028.0,3708.0,3.4,3.4,4.1
Allston,65 Brainerd Rd. #75-220 Allston,3627,0.0,0.0,1.0,1.0,4787.0,4285.0,1567.0,1599.0,4357.0,4194.0,2.4,2.4,2.4
Allston,65 Brainerd Rd. #60-501 Allston,3823,0.0,0.0,2.0,1.0,4787.0,4285.0,1567.0,1599.0,4357.0,4194.0,2.4,2.4,2.4
Allston,65 Brainerd Rd. #65-215 Allston,3062,0.0,0.0,1.0,1.0,4787.0,4285.0,1567.0,1599.0,4357.0,4194.0,2.4,2.4,2.4
Fenway,1330 Boylston St. #604 Fenway,4900,0.0,0.0,1.0,1.5,3634.0,1131.0,699.0,1328.0,7716.0,6269.0,0,0,2.4
Brighton,1550 Soldiers Field Rd. #116 Brighton,2592,0.0,0.0,1.0,1.0,9893.0,8280.0,5568.0,6786.0,5028.0,3708.0,3.4,3.4,4.1
Back Bay,790 Boylston St. #790-15A Back Bay,3110,0.0,0.0,,1.0,2367.0,1744.0,3413.0,2252.0,8948.0,8417.0,1.7,4.1,2.4
South End,89 East Dedham St. #2-228 South End,3207,0.0,0.0,,1.0,3699.0,2296.0,7098.0,8472.0,13218.0,17007.0,1.7,1.7,4.1
South End,89 East Dedham St. #2-902 South End,3322,0.0,0.0,,1.0,3699.0,2296.0,7098.0,8472.0,13218.0,17007.0,1.7,1.7,4.1
South End,89 East Dedham St. #2-502 South End,3242,0.0,0.0,,1.0,3699.0,2296.0,7098.0,8472.0,13218.0,17007.0,1.7,1.7,4.1
South End,89 East Dedham St. #2-1102 South End,3522,0.0,0.0,,1.0,3699.0,2296.0,7098.0,8472.0,13218.0,17007.0,1.7,1.7,4.1
South End,89 East Dedham St. #2-825 South End,3721,0.0,0.0,1.0,1.0,3699.0,2296.0,7098.0,8472.0,13218.0,17007.0,1.7,1.7,4.1
South End,89 East Dedham St. #2-108 South End,4161,0.0,0.0,1.0,1.0,3699.0,2296.0,7098.0,8472.0,13218.0,17007.0,1.7,1.7,4.1
South End,89 East Dedham St. #2-1004 South End,5595,0.0,0.0,2.0,2.0,3699.0,2296.0,7098.0,8472.0,13218.0,17007.0,1.7,1.7,4.1
South End,89 East Dedham St. #2-107 South End,5815,0.0,0.0,2.0,2.0,3699.0,2296.0,7098.0,8472.0,13218.0,17007.0,1.7,1.7,4.1
South End,89 East Dedham St. #2-511 South End,7149,0.0,0.0,3.0,2.0,3699.0,2296.0,7098.0,8472.0,13218.0,17007.0,1.7,1.7,4.1
Fenway,1260 Boylston St. #818 Fenway,4168,0.0,0.0,1.0,1.0,686.0,919.0,798.0,1116.0,7815.0,6481.0,0,0,2.4
Fenway,1260 Boylston St. #808 Fenway,3259,0.0,0.0,,1.0,686.0,919.0,798.0,1116.0,7815.0,6481.0,0,0,2.4
Fenway,1260 Boylston St. #PH16 Fenway,3500,0.0,0.0,,1.0,686.0,919.0,798.0,1116.0,7815.0,6481.0,0,0,2.4
Fenway,1260 Boylston St. #438 Fenway,3391,0.0,0.0,,1.0,686.0,919.0,798.0,1116.0,7815.0,6481.0,0,0,2.4
Brighton,175 Washington St. #3618 Brighton,3748,0.0,0.0,1.0,1.0,6251.0,5395.0,3031.0,3110.0,3036.0,2797.0,3.4,2.4,2.4
Bay Village,212 Stuart St. #1806 Bay Village,6035,0.0,0.0,1.0,1.0,2644.0,3864.0,10621.0,3348.0,9465.0,14935.0,1.7,4.1,2.4
Mission Hill,101 South Huntington Ave. #404 Mission Hill,4401,0.0,0.0,2.0,1.5,2123.0,2119.0,4928.0,2864.0,12681.0,6064.0,2.4,4.1,2.4
South End,300 Harrison Ave. #3-209 South End,3649,0.0,0.0,,1.0,2915.0,3430.0,9649.0,7808.0,10102.0,16331.0,1.7,3.4,2.4
South End,300 Harrison Ave. #3-308 South End,3649,0.0,0.0,,1.0,2915.0,3430.0,9649.0,7808.0,10102.0,16331.0,1.7,3.4,2.4
South End,300 Harrison Ave. #3-307 South End,3663,0.0,0.0,1.0,1.0,2915.0,3430.0,9649.0,7808.0,10102.0,16331.0,1.7,3.4,2.4
South End,300 Harrison Ave. #2-524H-A South End,3688,0.0,0.0,1.0,1.0,2915.0,3430.0,9649.0,7808.0,10643.0,16331.0,1.7,3.4,2.4
Fenway,771 Beacon St. #B2-1204 Fenway,4028,0.0,0.0,,1.0,3091.0,1670.0,538.0,822.0,6951.0,5904.0,1.7,0,2.4
Fenway,1260 Boylston St. #610 Fenway,3241,0.0,0.0,,1.0,686.0,919.0,798.0,1116.0,7815.0,6481.0,0,0,2.4
South End,300 Harrison Ave. #1-710H-A South End,3513,0.0,0.0,1.0,1.0,2915.0,3430.0,9649.0,7808.0,10643.0,16331.0,1.7,3.4,2.4
Dorchester,24 Oyster Bay Rd. #310210 Dorchester,3265,0.0,0.0,2.0,2.0,9641.0,5542.0,12974.0,11755.0,19953.0,20260.0,1.7,1.7,2.4
Brighton,175 Washington St. #3448 Brighton,2821,0.0,0.0,,1.0,6251.0,5395.0,3031.0,3110.0,3036.0,2797.0,3.4,2.4,2.4
Brighton,175 Washington St. #1121 Brighton,3924,0.0,0.0,2.0,2.0,6251.0,5395.0,3031.0,3110.0,3036.0,2797.0,3.4,2.4,2.4
Brighton,175 Washington St. #3110 Brighton,4067,0.0,0.0,2.0,2.0,6251.0,5395.0,3031.0,3110.0,3036.0,2797.0,3.4,2.4,2.4
Fenway,49 Burbank St. #34807 Fenway,2610,0.0,0.0,,1.0,302.0,563.0,2655.0,1649.0,8233.0,12672.0,0,2.4,2.4
Mission Hill,1575 Tremont St. #1103 Mission Hill,4336,0.0,0.0,2.0,1.0,1349.0,1289.0,5580.0,2620.0,7984.0,6760.0,2.4,4.1,4.1
Mission Hill,1575 Tremont St. #809 Mission Hill,4161,0.0,0.0,2.0,1.0,1349.0,1289.0,5580.0,2620.0,7984.0,6760.0,2.4,4.1,4.1
Dorchester,725 Adams St. #735008 Dorchester,2005,0.0,0.0,,1.0,10685.0,9622.0,13912.0,15835.0,18195.0,14114.0,3.4,4.1,7.5
Allston,525 Lincoln St. #Various (3 bed) Allston,6000,0.0,0.0,3.0,2.0,6714.0,4957.0,2835.0,2036.0,4978.0,4680.0,3.4,3.4,2.4
Allston,525 Lincoln St. #Various (Studio) Allston,2950,0.0,0.0,,1.0,6714.0,4957.0,2835.0,2036.0,4978.0,4680.0,3.4,3.4,2.4
Dorchester,18 Sumner St. #2 Dorchester,4800,0.0,0.0,4.0,3.0,7331.0,3610.0,12482.0,11724.0,13637.0,20229.0,3.4,5.8,5.8
Dorchester,307 Hancock St. #1 Dorchester,2000,0.0,0.0,1.0,1.0,5757.0,4428.0,9157.0,14120.0,13137.0,13467.0,1.7,3.4,5.8
Dorchester,303 Hancock St. #2 Dorchester,2000,0.0,0.0,1.0,1.0,5748.0,4419.0,9148.0,14129.0,13128.0,13458.0,1.7,3.4,5.8
Brighton,175 Washington St. #3130 Brighton,3051,0.0,0.0,,1.0,6251.0,5395.0,3031.0,3110.0,3036.0,2797.0,3.4,2.4,2.4
Brighton,175 Washington St. #3146 Brighton,2882,0.0,0.0,,1.0,6251.0,5395.0,3031.0,3110.0,3036.0,2797.0,3.4,2.4,2.4
Fenway,1260 Boylston St. #611 Fenway,3150,0.0,0.0,,1.0,686.0,919.0,798.0,1116.0,7815.0,6481.0,0,0,2.4
Brighton,1550 Soldiers Field Rd. #328 Brighton,3267,0.0,0.0,1.0,1.0,9893.0,8280.0,5568.0,6786.0,5028.0,3708.0,3.4,3.4,4.1
Fenway,1260 Boylston St. #1024 Fenway,3233,0.0,0.0,,1.0,686.0,919.0,798.0,1116.0,7815.0,6481.0,0,0,2.4
Dorchester,1943 Dorchester Ave. #202 Dorchester,2595,0.0,0.0,1.0,1.0,8106.0,10799.0,11109.0,17012.0,19632.0,13544.0,1.7,4.1,2.4
Brighton,175 Washington St. #3311 Brighton,3423,0.0,0.0,1.0,1.0,6251.0,5395.0,3031.0,3110.0,3036.0,2797.0,3.4,2.4,2.4
Jamaica Plain,201 South Huntington Ave. #201-313 Jamaica Plain,4300,0.0,0.0,1.0,1.0,2640.0,2611.0,5333.0,3356.0,13113.0,6556.0,2.4,2.4,2.4
South End,300 Harrison Ave. #2-327H-A South End,7941,0.0,0.0,3.0,2.0,2915.0,3430.0,9649.0,7808.0,10643.0,16331.0,1.7,3.4,4.1
Mission Hill,101 South Huntington Ave. #305 Mission Hill,4739,0.0,0.0,2.0,2.0,2123.0,2119.0,4928.0,2864.0,12681.0,6064.0,2.4,4.1,2.4
Mission Hill,1575 Tremont St. #904 Mission Hill,4396,0.0,0.0,2.0,1.0,1349.0,1289.0,5580.0,2620.0,7984.0,6760.0,2.4,4.1,4.1
Jamaica Plain,201 South Huntington Ave. #201-415 Jamaica Plain,4275,0.0,0.0,1.0,1.0,2640.0,2611.0,5333.0,3356.0,13113.0,6556.0,2.4,2.4,2.4
Brighton,9 Bronsdon St. #3B-D_14294 Brighton,3095,0.0,0.0,2.0,1.0,7794.0,6424.0,6686.0,3503.0,4426.0,3527.0,3.4,3.4,4.1
Mission Hill,75 Saint Alphonsus St. #1816 Mission Hill,3279,0.0,0.0,2.0,1.5,918.0,950.0,5684.0,2281.0,8088.0,6921.0,2.4,4.1,4.1
Allston,65 Brainerd Rd. #60-406 Allston,3688,0.0,0.0,2.0,1.0,5046.0,4285.0,1567.0,1599.0,4357.0,4194.0,2.4,2.4,2.4
Jamaica Plain,201 South Huntington Ave. #201-618 Jamaica Plain,3390,0.0,0.0,1.0,1.0,2640.0,2611.0,5333.0,3356.0,13113.0,6556.0,2.4,2.4,2.4
Dorchester,401 Mount Vernon St. #401-334 Dorchester,2600,0.0,0.0,1.0,1.0,9578.0,6082.0,12911.0,12295.0,16283.0,20800.0,1.7,1.7,4.1
Dorchester,401 Mount Vernon St. #401-327 Dorchester,2702,0.0,0.0,1.0,1.0,9578.0,6082.0,12911.0,12295.0,16283.0,20800.0,1.7,1.7,4.1
Mission Hill,101 South Huntington Ave. #509 Mission Hill,4248,0.0,0.0,1.0,1.0,2123.0,2119.0,4928.0,2864.0,12681.0,6064.0,2.4,4.1,2.4
Jamaica Plain,201 South Huntington Ave. #221-501 Jamaica Plain,4650,0.0,0.0,2.0,2.0,2640.0,2611.0,5333.0,3356.0,13113.0,6556.0,2.4,3.4,2.4
Dorchester,401 Mount Vernon St. #401-429 Dorchester,3482,0.0,0.0,2.0,2.0,9578.0,6082.0,12911.0,12295.0,16283.0,20800.0,1.7,1.7,4.1
Brighton,175 Washington St. #3234 Brighton,3501,0.0,0.0,1.0,1.0,6251.0,5395.0,3031.0,3110.0,3036.0,2797.0,3.4,2.4,2.4
Bay Village,212 Stuart St. #904 Bay Village,8250,0.0,0.0,2.0,2.0,2644.0,3864.0,10621.0,3348.0,9465.0,14935.0,1.7,4.1,2.4
Fenway,771 Beacon St. #B2-1201 Fenway,5402,0.0,0.0,2.0,2.0,3091.0,1670.0,538.0,822.0,6951.0,5904.0,1.7,0,2.4
Dorchester,401 Mount Vernon St. #401-236 Dorchester,3506,0.0,0.0,2.0,2.0,9578.0,6082.0,12911.0,12295.0,16283.0,20800.0,1.7,1.7,4.1
Allston,65 Brainerd Rd. #75-505 Allston,3818,0.0,0.0,1.0,1.0,5046.0,4285.0,1567.0,1599.0,4357.0,4194.0,2.4,2.4,2.4
Dorchester,401 Mount Vernon St. #401-433 Dorchester,3458,0.0,0.0,2.0,2.0,9578.0,6082.0,12911.0,12295.0,16283.0,20800.0,1.7,1.7,4.1
Dorchester,401 Mount Vernon St. #401-917 Dorchester,3506,0.0,0.0,2.0,2.0,9578.0,6082.0,12911.0,12295.0,16283.0,20800.0,1.7,1.7,4.1
Brighton,2 Sutherland Rd. #31 Brighton,2650,0.0,0.0,2.0,1.0,6253.0,5728.0,4859.0,3980.0,1643.0,1430.0,2.4,3.4,2.4
Dorchester,401 Mount Vernon St. #401-329 Dorchester,3482,0.0,0.0,2.0,2.0,9578.0,6082.0,12911.0,12295.0,16283.0,20800.0,1.7,1.7,4.1
Dorchester,24 Oyster Bay Rd. #330115 Dorchester,3655,0.0,0.0,2.0,1.0,9641.0,5542.0,12974.0,11755.0,19953.0,20260.0,1.7,1.7,2.4
Dorchester,780 Morrissey Blv Dorchester,2240,0.0,0.0,,1.0,9345.0,7336.0,20325.0,13549.0,19514.0,22054.0,4.1,4.1,4.1
South End,300 Harrison Ave. #3-511 South End,3649,0.0,0.0,,1.0,2915.0,3430.0,9649.0,7808.0,10643.0,16331.0,1.7,3.4,4.1
Allston,65 Brainerd Rd. #75-321 Allston,3358,0.0,0.0,1.0,1.0,5046.0,4285.0,1567.0,1599.0,4357.0,4194.0,2.4,2.4,2.4
Brighton,1550 Soldiers Field Rd. #531 Brighton,2700,0.0,0.0,1.0,1.0,9893.0,8280.0,5568.0,6786.0,5028.0,3708.0,3.4,3.4,4.1
Dorchester,24 Oyster Bay Rd. #210315 Dorchester,3295,0.0,0.0,2.0,1.0,9641.0,5542.0,12974.0,11755.0,19953.0,20260.0,1.7,1.7,2.4
Dorchester,24 Oyster Bay Rd. #260314 Dorchester,3540,0.0,0.0,2.0,2.0,9641.0,5542.0,12974.0,11755.0,19953.0,20260.0,1.7,1.7,2.4
Dorchester,24 Oyster Bay Rd. #260404 Dorchester,3550,0.0,0.0,2.0,2.0,9641.0,5542.0,12974.0,11755.0,19953.0,20260.0,1.7,1.7,2.4
Dorchester,24 Oyster Bay Rd. #190404 Dorchester,3425,0.0,0.0,2.0,2.0,9641.0,5542.0,12974.0,11755.0,19953.0,20260.0,1.7,1.7,2.4
Dorchester,24 Oyster Bay Rd. #180106 Dorchester,3295,0.0,0.0,2.0,1.0,9641.0,5542.0,12974.0,11755.0,19953.0,20260.0,1.7,1.7,2.4
Dorchester,24 Oyster Bay Rd. #210114 Dorchester,3475,0.0,0.0,2.0,1.0,9641.0,5542.0,12974.0,11755.0,19953.0,20260.0,1.7,1.7,2.4
Dorchester,24 Oyster Bay Rd. #200058 Dorchester,3755,0.0,0.0,2.0,2.0,9641.0,5542.0,12974.0,11755.0,19953.0,20260.0,1.7,1.7,2.4
Dorchester,24 Oyster Bay Rd. #170086 Dorchester,4350,0.0,0.0,2.0,2.0,9641.0,5542.0,12974.0,11755.0,19953.0,20260.0,1.7,1.7,2.4
Dorchester,24 Oyster Bay Rd. #230201 Dorchester,5300,0.0,0.0,3.0,1.5,9641.0,5542.0,12974.0,11755.0,19953.0,20260.0,1.7,1.7,2.4
Brighton,61 Selkirk Rd. #4 Brighton,2550,0.0,0.0,1.0,1.0,6716.0,5842.0,3496.0,3556.0,1814.0,1607.0,2.4,2.4,2.4
Brighton,175 Washington St. #3412 Brighton,3944,0.0,0.0,2.0,2.0,6251.0,5395.0,3031.0,3110.0,3036.0,2797.0,3.4,2.4,2.4
South End,89 East Dedham St. #512 South End,7091,0.0,0.0,3.0,2.0,3699.0,2296.0,7098.0,8472.0,13218.0,17007.0,1.7,1.7,4.1
Dorchester,24 Oyster Bay Rd. #140166 Dorchester,4895,0.0,0.0,3.0,1.5,9641.0,5542.0,12974.0,11755.0,19953.0,20260.0,1.7,1.7,2.4
Jamaica Plain,201 South Huntington Ave. #201-704 Jamaica Plain,3495,0.0,0.0,1.0,1.0,2640.0,2611.0,5333.0,3356.0,13113.0,6556.0,2.4,3.4,2.4
Dorchester,24 Oyster Bay Rd. #370106 Dorchester,5060,0.0,0.0,3.0,1.5,9641.0,5542.0,12974.0,11755.0,19953.0,20260.0,1.7,1.7,2.4
Brighton,9 Bronsdon St. #21B-C_14264 Brighton,3720,0.0,0.0,3.0,1.0,7794.0,6424.0,6560.0,3503.0,4426.0,3527.0,3.4,3.4,4.1
Brighton,175 Washington St. #2516 Brighton,4061,0.0,0.0,2.0,2.0,6251.0,5395.0,3031.0,3110.0,3036.0,2797.0,3.4,2.4,2.4
Back Bay,13-19 Stanhope St. #2A Back Bay,6000,0.0,0.0,2.0,1.5,2391.0,1979.0,5718.0,2650.0,9610.0,14747.0,1.7,2.4,2.4
Dorchester,401 Mount Vernon St. #375-724 Dorchester,2564,0.0,0.0,,1.0,9578.0,6082.0,12911.0,12295.0,16283.0,20800.0,1.7,1.7,4.1
South End,89 East Dedham St. #1109 South End,5826,0.0,0.0,2.0,2.0,3699.0,2296.0,7098.0,8472.0,13218.0,17007.0,1.7,1.7,4.1
Dorchester,24 Oyster Bay Rd. #110402 Dorchester,3275,0.0,0.0,2.0,2.0,9641.0,5542.0,12974.0,11755.0,19953.0,20260.0,1.7,1.7,2.4
Dorchester,24 Oyster Bay Rd. #240503 Dorchester,3410,0.0,0.0,2.0,2.0,9641.0,5542.0,12974.0,11755.0,19953.0,20260.0,1.7,1.7,2.4
Allston,65 Brainerd Rd. #60-203 Allston,3883,0.0,0.0,2.0,1.0,5046.0,4285.0,1567.0,1599.0,4357.0,4194.0,2.4,2.4,2.4
Brighton,175 Washington St. #3212 Brighton,4100,0.0,0.0,2.0,2.0,6251.0,5395.0,3031.0,3110.0,3036.0,2797.0,3.4,2.4,2.4
Dorchester,24 Oyster Bay Rd. #380310 Dorchester,3430,0.0,0.0,1.0,1.0,9641.0,5542.0,12974.0,11755.0,19953.0,20260.0,1.7,1.7,2.4
Dorchester,401 Mount Vernon St. #401-814 Dorchester,2405,0.0,0.0,,1.0,9578.0,6082.0,12911.0,12295.0,16283.0,20800.0,1.7,1.7,4.1
South End,390 Harrison Ave. #928 South End,7695,0.0,0.0,2.0,2.0,3393.0,2684.0,6458.0,7665.0,11027.0,16188.0,3.4,3.4,4.1
Dorchester,725 Adams St. #735027 Dorchester,2115,0.0,0.0,,1.0,10685.0,9622.0,13912.0,15835.0,18195.0,14114.0,3.4,4.1,7.5
South End,300 Harrison Ave. #2-419 South End,3663,0.0,0.0,1.0,1.0,6250.0,3430.0,9649.0,7808.0,10544.0,16331.0,3.4,3.4,4.1
Dorchester,24 Oyster Bay Rd. #360316 Dorchester,2595,0.0,0.0,1.0,1.0,9641.0,5542.0,12974.0,11755.0,19953.0,20260.0,1.7,1.7,2.4
